MovieID,mean_rating,count,popularity_score
1,4.145714285714286,1750,4.1425597044401075
2,3.197879858657244,566,3.2046963191225495
3,3.0235602094240837,382,3.0380231627923178
4,2.701492537313433,134,2.763229720934644
5,2.9957805907172994,237,3.019858622731128
6,3.871664548919949,787,3.8681368630045028
7,3.4297752808988764,356,3.434166884739313
8,2.9615384615384617,52,3.062985158299818
9,2.675,80,2.7767231090509856
10,3.5208333333333335,720,3.5217877805679296
11,3.802171290711701,829,3.7996484860722153
12,2.370967741935484,124,2.4619782075715575
13,3.3157894736842106,76,3.3477334862161476
14,3.4074074074074074,108,3.422924405208379
15,2.5,112,2.5893859001195794
16,3.7554744525547443,548,3.7525180641838505
17,4.018045112781955,665,4.011711229354946
18,3.482142857142857,112,3.491025244381875
19,2.4583333333333335,312,2.4934940366912692
20,2.5609756097560976,123,2.638384058756306
21,3.6208406304728546,1142,3.620577326227942
22,3.3386581469648564,313,3.3464553554631227
23,2.8846153846153846,104,2.946535787847269
24,3.1782945736434107,516,3.1861313304459857
25,3.656058751529988,817,3.655266118276407
26,3.473684210526316,76,3.487268369937078
27,2.8421052631578947,38,2.998022496137265
28,4.0928571428571425,140,4.059367198763924
29,4.063291139240507,316,4.048788588388309
30,3.75,52,3.724275480880463
31,3.0673076923076925,104,3.113202454513936
32,3.930732484076433,1256,3.9280450867413816
33,2.6666666666666665,3,3.377313831891439
34,3.8862876254180603,1495,3.884322312169162
35,3.3958333333333335,48,3.4293979278377362
36,3.9393139841688654,758,3.9347722393419122
37,3.3333333333333335,6,3.494067488411794
38,3.1904761904761907,21,3.3195187036964096
39,3.6262093227792436,1137,3.6258980643544803
40,3.7,20,3.66350266048629
41,3.9800995024875623,201,3.96163544935824
42,2.874285714285714,175,2.9130004314302087
43,3.4146341463414633,123,3.4278577429668324
44,2.8065843621399176,243,2.837569485433157
45,3.4170506912442398,434,3.420957386969794
46,3.1328125,128,3.16597883923615
47,4.127586206896551,870,4.12148304524385
48,2.9536423841059603,302,2.9740547429954765
49,3.6666666666666665,24,3.644267053370256
50,4.519099590723056,1466,4.512808319657581
52,3.626865671641791,335,3.625811825549532
53,4.75,8,4.1058377674771505
54,2.6785714285714284,28,2.9185547319628604
55,3.081081081081081,37,3.1894697832891215
56,1.5714285714285714,7,2.7591223420346296
57,3.4025974025974026,77,3.424196319707916
58,4.092269326683292,401,4.080061021446688
59,2.4285714285714284,7,3.112063518505218
60,3.1904761904761907,294,3.203635130969042
61,3.056603773584906,53,3.1413504732474395
62,3.6973995271867612,423,3.6949309002646387
63,2.8764044943820224,89,2.94853615974332
64,2.2063492063492065,63,2.3959599974601193
65,2.01,100,2.153682543768988
66,1.654320987654321,81,1.8670887891713044
67,2.5,2,3.4087566512157252
68,3.4893617021276597,47,3.507106663413837
69,3.6862745098039214,255,3.6826606785456177
70,3.1288659793814433,776,3.1347392872959143
71,2.212121212121212,66,2.3934878922972196
72,3.550724637681159,69,3.5557605039821354
73,3.7732558139534884,172,3.763214724255982
74,3.0,97,3.055187661818586
75,2.25,8,2.994726656366039
76,2.8456375838926173,149,2.892484778708105
77,3.7241379310344827,29,3.6898738413997103
78,3.257142857142857,35,3.331223995879749
79,2.6702127659574466,94,2.7587026905248915
80,3.8780487804878048,41,3.821668231658602
81,3.139705882352941,136,3.170582738456087
82,3.8208955223880596,67,3.790975062527126
83,3.625,24,3.6148552886643737
84,3.0,16,3.227118454407258
85,3.4172185430463577,151,3.4279818622024143
86,3.435,200,3.442405141974232
87,2.161290322580645,62,2.359792775202621
88,2.9383561643835616,146,2.9801607680422353
89,3.0913978494623655,186,3.1168626521152483
90,3.6,5,3.593671987639247
92,2.242857142857143,70,2.4113134976823587
93,2.1818181818181817,66,2.3671721028235355
94,3.727272727272727,121,3.716832670340372
95,2.8620037807183363,529,2.8755196285984947
96,4.222222222222222,9,3.8897410428730894
97,3.861111111111111,36,3.8022843437954066
98,2.0,3,3.2234676780452847
99,3.4651162790697674,43,3.4887750908412962
100,3.11,100,3.1536825437689884
101,3.8700564971751414,177,3.85510737868764
102,1.8043478260869565,46,2.123304996689084
103,3.2857142857142856,28,3.3659231530154923
104,3.5572232645403377,533,3.5578362427524652
105,3.2397476340694005,317,3.250474250197519
106,3.5454545454545454,11,3.566908562599462
107,3.1,200,3.123357522926613
108,2.857142857142857,7,3.288534106740512
110,4.240269101393561,2081,4.2371616833163985
111,4.21655437921078,1039,4.2105863487269675
112,3.4721030042918457,466,3.474590503812161
113,2.9743589743589745,39,3.100103669685484
114,3.142857142857143,7,3.4061811655640413
116,4.117647058823529,34,3.997842723058834
117,3.607142857142857,56,3.604622421433162
118,3.0545454545454547,55,3.137001227916749
119,2.0,10,2.795253990729435
120,2.5,2,3.4087566512157252
121,4.0625,32,3.950120947966398
122,2.76875,160,2.8170887047916984
123,3.9069767441860463,86,3.874011248068632
124,2.857142857142857,7,3.288534106740512
125,3.876984126984127,252,3.8660499229564453
126,2.050632911392405,79,2.2236525821863897
127,1.0,1,3.3550072558717003
128,4.3,10,3.945253990729435
129,3.0,5,3.3936719876392467
130,4.0,2,3.6587566512157252
131,3.1538461538461537,13,3.343699122373422
132,2.5217391304347827,69,2.6570263267669456
133,1.0,1,3.3550072558717003
134,4.0,2,3.6587566512157252
135,2.870967741935484,93,2.940826017617366
136,3.3333333333333335,6,3.494067488411794
137,2.7142857142857144,7,3.2297105773287473
138,1.0,1,3.3550072558717003
139,4.0,1,3.627734528598973
140,3.1545454545454548,110,3.1908756651215726
141,3.5654648956356736,527,3.5659312473269806
142,1.0,1,3.3550072558717003
144,3.3865030674846626,326,3.3925746423053234
145,3.2711864406779663,295,3.281655999392094
146,3.2142857142857144,14,3.371044992274529
147,3.5704225352112675,142,3.57174394614861
148,2.7857142857142856,14,3.121044992274529
149,3.7857142857142856,42,3.7481746118190133
150,4.055727554179566,969,4.050975566715616
151,3.6,460,3.599798042158699
152,2.9649122807017543,57,3.0582847733520704
153,2.6366559485530545,622,2.651748544010425
154,3.664,125,3.658556146774731
155,3.5072463768115942,69,3.517785820437832
156,3.702127659574468,47,3.6825452599050648
157,2.753731343283582,134,2.811840832045755
158,2.9613526570048307,207,2.99034598992898
159,3.236559139784946,93,3.270923104996007
160,2.2294372294372296,462,2.2582734741834503
161,3.7266666666666666,600,3.724434557073096
162,4.083969465648855,393,4.071724763807912
163,3.442176870748299,441,3.4454658089015266
164,3.5434083601286175,311,3.544875638051678
165,3.580060422960725,662,3.580215892581233
166,2.5,46,2.6947335681176554
167,3.6,5,3.593671987639247
168,2.9225352112676055,284,2.945255373519009
169,2.0,92,2.1559321550449875
170,3.1666666666666665,252,3.1828438160862165
171,3.656716417910448,67,3.6481179196699833
172,2.520107238605898,373,2.5480550386803884
173,2.3405172413793105,464,2.3668883540392165
174,2.23728813559322,59,2.433406953834619
175,3.481707317073171,164,3.487960228819475
176,3.8830409356725144,171,3.8668788940032526
177,2.6695652173913045,115,2.7432406385167094
178,3.8181818181818183,11,3.709765705456605
179,2.2162162162162162,37,2.508618719459334
180,3.5632530120481927,332,3.5640499409783293
181,1.6056338028169015,71,1.8506799977109716
182,3.1470588235294117,34,3.247842723058834
183,3.391304347826087,23,3.451669085290567
184,3.2666666666666666,15,3.396203192583548
185,2.887912087912088,455,2.9030216770206207
186,2.772727272727273,154,2.822591950088956
187,3.236842105263158,76,3.2779660443556824
188,3.253086419753086,162,3.2727039524103994
189,3.2857142857142856,14,3.412711658941196
190,3.734375,64,3.7149335110079553
191,2.5344827586206895,58,2.6897805855086574
192,3.0,2,3.4920899845490587
193,2.080745341614907,161,2.169035554471279
194,3.739130434782609,161,3.730439063243209
195,2.8161764705882355,136,2.8692128754423885
196,2.7865168539325844,445,2.8041869886034916
197,3.125,16,3.3040415313303346
198,3.278557114228457,499,3.284685814959899
199,3.75,84,3.733032763984986
200,2.5,6,3.181567488411794
201,2.5,24,2.8207376416055503
202,2.6818181818181817,22,2.965783744205897
203,3.0061349693251533,163,3.039913756153692
204,3.0304878048780486,164,3.0626728724976355
205,3.696969696969697,66,3.682961576507746
206,3.723076923076923,65,3.705401064194516
207,3.1575757575757577,165,3.18231474179765
208,2.5980582524271845,515,2.6169620567896925
209,2.4210526315789473,38,2.6646891628039313
210,3.2,35,3.2867795514353046
211,3.5714285714285716,28,3.5764494688049657
212,2.142857142857143,7,2.9944164596816885
213,4.086538461538462,104,4.043027015917445
214,4.222222222222222,18,3.996609993378168
215,3.8448275862068964,116,3.8246434905919737
216,3.209737827715356,267,3.2234840426519447
217,2.7,50,2.8484179969098116
218,3.0794701986754967,151,3.1112116758670108
219,3.1875,16,3.3425030697918734
220,1.75,24,2.2913258768996676
222,3.5836575875486383,257,3.5839141566089463
223,3.966262975778547,1156,3.963040377199476
224,3.3516129032258064,310,3.3590783744205894
225,3.2268041237113403,194,3.2446327441891603
226,2.0,1,3.445916346780791
227,2.5925925925925926,108,2.677161693343972
228,1.75,8,2.772504434143817
229,3.5125,80,3.52116755349543
230,3.444866920152091,263,3.450201757562596
231,3.2007952286282304,503,3.2083919684494906
232,4.058139534883721,258,4.040690596323092
233,3.6443298969072164,194,3.641691567718572
234,2.2413793103448274,116,2.3484530144014975
235,3.6910994764397906,764,3.6897998447216906
236,3.308300395256917,253,3.319030721728474
237,2.975,200,3.004309903878994
238,2.740740740740741,27,2.9704075625564514
239,2.8208955223880596,134,2.874340832045755
240,2.774193548387097,31,2.9732946296241147
241,3.3636363636363638,22,3.434533744205897
242,3.435483870967742,62,3.457014997424843
243,2.125,8,2.9391711008104835
244,1.9,10,2.7452539907294353
245,3.125,8,3.383615545254928
246,4.212224108658743,589,4.201844874481784
247,3.8656330749354004,387,3.85870297182516
248,2.9056603773584904,106,2.964698963918868
249,3.7525252525252526,198,3.744735960647061
250,2.5238095238095237,21,2.8679058004706035
251,3.5,12,3.541139991572214
252,3.2717391304347827,276,3.282884894456604
253,3.5097087378640777,618,3.5109953500232303
254,3.1724137931034484,29,3.2796174311433
255,2.0,47,2.2790364879752403
256,2.6890243902439024,164,2.7408337920378663
257,3.2209302325581395,86,3.259427914735299
258,2.413793103448276,116,2.5071831731316565
259,2.831168831168831,77,2.9184491932711345
260,4.452305246422894,2516,4.448893539118998
261,3.6551724137931036,232,3.65250032981235
262,3.8244274809160306,131,3.807837445493537
263,3.8,20,3.730169327152957
264,3.2,5,3.4603386543059136
265,3.9533011272141705,621,3.947551632035798
266,3.4710017574692444,569,3.473065768246267
267,2.7232142857142856,112,2.7943039329064647
268,3.3333333333333335,45,3.380092360265249
269,3.488372093023256,43,3.5076430153695983
270,3.0869565217391304,69,3.150697212842895
271,3.1363636363636362,44,3.220464441010902
272,3.6915254237288138,295,3.688213376441274
273,2.8974358974358974,195,2.9312442917784813
274,2.5,12,2.9956854461176685
275,2.547169811320755,53,2.712779044676011
276,2.685082872928177,181,2.732487328872192
277,3.059322033898305,118,3.1008209360514742
278,2.6875,32,2.90250190034735
279,3.5161290322580645,31,3.5342702393802123
280,3.5595238095238093,168,3.561264493340386
281,3.6324324324324326,185,3.6302824605876345
282,3.1904761904761907,168,3.212949886598813
283,3.0,16,3.227118454407258
286,3.0,1,3.536825437689882
287,2.923076923076923,13,3.2132643397647263
288,3.1023339317773786,557,3.1109437033766993
289,3.34375,128,3.3616310131491933
290,3.9558823529411766,136,3.930856711058827
291,2.128205128205128,39,2.4266342819303817
292,3.267857142857143,616,3.273011309607969
293,4.100515463917525,776,4.094026819102529
294,3.0285714285714285,35,3.1534462181019713
295,2.761904761904762,21,3.0291961230512485
296,4.2888026607538805,1804,4.284953186226344
297,3.0454545454545454,22,3.215783744205897
298,3.9444444444444446,18,3.818038564806739
299,3.7017543859649122,114,3.692782901730554
300,3.7330827067669174,532,3.730452176779684
301,3.3076923076923075,39,3.3654097921344635
302,3.7142857142857144,70,3.698813497682359
303,2.9789156626506026,332,2.996798478990026
304,3.1176470588235294,34,3.2251154503315616
305,2.56,100,2.6536825437689884
306,4.233812949640288,278,4.211475971578433
307,4.097297297297297,185,4.071308101613275
308,3.9215686274509802,153,3.90125815837171
309,3.769230769230769,39,3.7327567309099736
310,2.25,4,3.20750570104205
311,3.0,1,3.536825437689882
312,2.329113924050633,79,2.470843593422345
313,2.880952380952381,42,3.017405381049783
314,3.869198312236287,237,3.8579153028930717
315,2.7478991596638656,119,2.813217672981308
316,3.494130202774813,937,3.4951479195507797
317,3.2514851485148513,505,3.258068116144832
318,4.559891598915989,1845,4.5546658112208025
319,3.885321100917431,218,3.8723907009411787
320,3.3043478260869565,23,3.391063024684506
321,3.6808510638297873,47,3.6650014002559423
322,3.7218543046357615,151,3.7136961479167
324,4.0,25,3.8830022804168203
325,2.3157894736842106,38,2.581355829470598
326,4.3061224489795915,49,4.184831861264215
327,2.6441281138790034,281,2.67664975881302
328,3.089430894308943,123,3.1271058632675843
329,3.369879518072289,830,3.37250604739832
330,2.7304347826086954,115,2.7992406385167095
331,3.2142857142857144,14,3.371044992274529
332,2.613138686131387,137,2.679626393296522
333,3.501577287066246,317,3.5042968801669376
334,3.901098901098901,91,3.870347324896918
335,3.515151515151515,33,3.532676274757877
336,2.6875,16,3.0348107620995655
337,3.800373134328358,536,3.7965294502098694
338,2.9261363636363638,176,2.9618552678203693
339,3.49250936329588,534,3.4943108084826995
340,3.15,60,3.2129297116369813
341,3.8333333333333335,24,3.7619141121937854
342,3.705188679245283,424,3.702546266853891
343,2.4705882352941178,34,2.7251154503315616
344,3.1268533772652387,607,3.134368038597388
345,3.806366047745358,377,3.8007883199343375
346,3.5306122448979593,98,3.5361581464313767
347,3.210526315789474,38,3.2896891628039313
348,3.684065934065934,364,3.6815643845309856
349,3.7460496613995486,886,3.7443137051502107
350,3.370546318289786,421,3.375649837156818
351,3.3507109004739335,211,3.361561447124836
352,3.0833333333333335,96,3.131179998250837
353,3.4378194207836454,587,3.440377018114889
354,3.148936170212766,47,3.226404909027872
355,2.352112676056338,213,2.407646097823268
356,4.080858085808581,1818,4.078175645412795
357,3.743486973947896,998,3.7419693252128856
358,3.1869158878504673,107,3.2214109385862284
359,3.2222222222222223,18,3.3537528505210252
360,2.484848484848485,99,2.586285135913658
361,3.396039603960396,202,3.4052126406348524
362,3.3802083333333335,192,3.3906192070029144
363,4.254901960784314,51,4.1459849149932575
364,3.8762541806020065,897,3.8731037263666908
365,3.1132075471698113,53,3.1889695208664874
366,2.7953488372093025,215,2.830689243620394
367,3.3100616016427105,974,3.3129116664782403
368,3.520865533230294,647,3.521925540052646
369,3.3488372093023258,43,3.394435468199787
370,2.9006024096385543,332,2.92077508717716
371,3.1775147928994083,169,3.200587038070328
372,3.1656976744186047,344,3.177697965577934
373,3.8415841584158414,202,3.829740942521645
374,2.0833333333333335,144,2.1812018169778487
375,3.2857142857142856,7,3.465004694975806
376,3.261648745519713,279,3.273027957835947
377,3.571958456973294,1348,3.5720950514098595
378,2.869565217391304,115,2.9272406385167096
379,2.870422535211268,355,2.8901509036016133
380,3.653169014084507,1136,3.6526222336951037
381,3.1728395061728394,162,3.197122557061562
382,2.9424778761061945,226,2.969936778875376
383,3.278538812785388,219,3.2921619205877235
384,2.896551724137931,29,3.074489226015095
385,3.5,8,3.5502822119215947
386,2.75,24,2.9972082298408442
387,2.727272727272727,88,2.8153579572917216
388,3.64,75,3.6341774095833963
389,3.6842105263157894,19,3.6518993039513346
390,3.5531914893617023,47,3.559738242361205
391,3.4375,32,3.4739304717759216
392,2.6666666666666665,18,2.996609993378168
393,1.8414634146341464,82,2.031576954506399
394,3.6666666666666665,18,3.639467136235311
397,2.4166666666666665,12,2.9502309006631227
401,2.0,1,3.445916346780791
404,3.75,4,3.636077129613479
405,2.103030303030303,165,2.1880290275119356
406,3.6,5,3.593671987639247
407,2.8841463414634148,164,2.9247418380148775
408,3.4482758620689653,58,3.4691923502145396
409,3.0,35,3.1312239958797488
410,2.8646408839779007,362,2.884153440361797
411,2.6363636363636362,11,3.090718086408986
412,3.539473684210526,228,3.5416179824142384
413,2.5120481927710845,166,2.573324317128345
414,2.609375,64,2.7419605380349825
415,2.5306122448979593,147,2.5981215274814566
416,2.4444444444444446,72,2.5842082904218135
417,3.503067484662577,163,3.508121848639241
418,2.5416666666666665,24,2.8501494063114325
419,2.2203389830508473,118,2.3273834360514742
420,2.52014652014652,273,2.5579684799102074
421,3.3766233766233764,77,3.4012078139607897
422,3.0714285714285716,42,3.1712515348959367
423,3.122905027932961,179,3.147645924944914
424,2.611111111111111,54,2.7641418721029485
425,3.630952380952381,84,3.626649785261582
426,3.0782608695652174,230,3.099604499227453
427,2.356060606060606,132,2.442993519821047
428,3.9174757281553396,206,3.902338332474948
429,2.385135135135135,148,2.461424555788536
430,2.466666666666667,15,2.916203192583548
431,3.676375404530744,309,3.6736836357824094
432,2.560126582278481,316,2.5917333736643826
433,2.736842105263158,38,2.9146891628039313
434,3.1003521126760565,568,3.1088323180183193
435,2.59478672985782,422,2.6178358329041402
436,2.7522935779816513,109,2.822731763147804
437,2.0652173913043477,46,2.337590710974798
438,2.6746031746031744,126,2.7419491162837404
439,4.5,2,3.7420899845490587
440,3.8274044795783926,759,3.824323900929244
441,3.7101727447216892,521,3.7079191710255905
442,2.9597701149425286,522,2.9716260898770464
443,3.44,25,3.48300228041682
444,2.3384615384615386,65,2.505401064194516
445,2.6626506024096384,83,2.7624202130600937
446,4.085714285714285,210,4.06320490824813
447,2.4166666666666665,24,2.7619141121937854
448,3.562162162162162,185,3.5636157939209676
449,3.6792452830188678,53,3.6651599970569637
450,3.2967032967032965,182,3.3120056240343163
451,3.1931818181818183,88,3.233725304230497
452,3.235294117647059,34,3.3160245412406524
453,3.230769230769231,52,3.288791609912721
454,3.5406203840472674,677,3.541346549948455
455,2.5688073394495414,218,2.613618771116617
456,4.0,73,3.9506636122239605
457,4.115523465703971,1662,4.11238342094174
458,3.253731343283582,67,3.2974685690206327
459,2.814159292035398,113,2.8772770716633227
460,2.6956521739130435,23,2.966820600442082
461,3.414285714285714,70,3.4363134976823586
462,2.727272727272727,22,2.997033744205897
463,2.675675675675676,37,2.870320847118909
464,2.7413793103448274,174,2.7875276076879816
465,3.3452380952380953,84,3.371330636325412
466,2.7794759825327513,458,2.7968057260995485
467,3.1555555555555554,45,3.2346378148107036
468,3.238095238095238,273,3.2505479852105608
469,3.019230769230769,52,3.1113722550740115
470,1.7878787878787878,33,2.2070948794090395
471,3.6091476091476093,481,3.608767983329101
472,2.6176470588235294,34,2.838751813967925
473,2.2288135593220337,118,2.3351959360514742
474,3.8278061224489797,784,3.824817480874797
475,3.855371900826446,242,3.8448614278356694
476,2.423076923076923,26,2.7473633281830194
477,3.4358974358974357,156,3.4452113241842692
478,2.5,20,2.86350266048629
479,2.834862385321101,109,2.8983620152486447
480,3.7555953446732318,2234,3.754859661236448
481,3.345833333333333,240,3.355620319258355
482,3.5342465753424657,146,3.5378530757345428
483,3.574074074074074,54,3.5766418721029485
484,2.64,25,2.9115737089882487
485,2.50363196125908,413,2.5293264298217224
486,2.787878787878788,33,2.974536739874156
487,2.7777777777777777,45,2.9255469057197945
488,3.4482758620689653,29,3.484745636271505
489,2.4393939393939394,66,2.5908563133498514
490,3.37007874015748,127,3.3861684657999174
491,3.3144654088050314,159,3.3307992888437203
492,3.7386363636363638,264,3.7332302183014185
493,3.598360655737705,244,3.5980514953330265
494,3.3461538461538463,338,3.3531755167085877
495,3.3684210526315788,38,3.4146891628039313
496,3.1379310344827585,29,3.2539764055022746
497,3.970479704797048,542,3.9635961590843998
498,2.6857142857142855,35,2.8867795514353043
499,2.6315789473684212,38,2.831355829470598
500,3.428125,640,3.4306231997147516
501,3.6621621621621623,74,3.6536319025546273
502,1.915966386554622,119,2.0457758125161916
503,3.888888888888889,9,3.7318463060309846
504,2.939189189189189,148,2.980411897560688
505,2.462962962962963,54,2.6391418721029485
506,3.4819277108433737,83,3.493603008759018
507,3.50199203187251,251,3.505383447565474
508,3.9178082191780823,438,3.910502410300421
509,3.6401673640167362,478,3.6391497537184194
510,2.3870967741935485,31,2.6806117027948466
511,3.121739130434783,115,3.1592406385167098
512,2.9210526315789473,152,2.9623770358925228
513,3.0980392156862746,51,3.178771800239159
514,3.58273381294964,278,3.5830037493562106
515,3.9161676646706587,334,3.906700813414502
516,2.8900523560209423,191,2.924900894599944
517,3.1903225806451614,310,3.2028283744205894
518,2.518181818181818,110,2.607542331788239
519,1.962962962962963,162,2.057587673340632
520,2.9295774647887325,284,2.9520580946074446
521,3.4022988505747125,87,3.4217018537586465
522,3.5925925925925926,54,3.5922668721029485
523,3.5789473684210527,95,3.580048379186559
524,3.6158038147138964,367,3.615132837704479
525,2.5833333333333335,12,3.041139991572214
526,2.5,8,3.10583776747715
527,4.50258531540848,1934,4.497893559575406
528,2.558139534883721,43,2.7529260342375226
529,3.9573378839590445,586,3.951183019823135
530,3.0,1,3.536825437689882
531,3.7472118959107807,269,3.7415952681526474
532,3.0373831775700935,321,3.0540938967208118
533,2.680722891566265,166,2.732415226219254
534,3.8646288209606987,229,3.8531593297681535
535,3.8188976377952755,254,3.8102465144491995
536,3.1944444444444446,36,3.280545213360624
537,3.01840490797546,163,3.0514744497953106
538,3.831275720164609,243,3.821759208753315
539,3.786445012787724,782,3.783971060371955
540,2.1971830985915495,142,2.2888492093065045
541,4.311842105263158,1520,4.30712750314679
542,2.7482014388489207,139,2.8047320792925414
543,3.3677536231884058,552,3.371717223869375
544,2.6095238095238096,105,2.6948267809964235
545,2.0,1,3.445916346780791
546,1.7836879432624113,282,1.8455653418307831
547,2.895238095238095,105,2.9556963462138146
548,2.5588235294117645,102,2.650938212630256
549,3.826771653543307,127,3.809526130033494
550,3.050359712230216,139,3.086611273923414
551,3.698473282442748,786,3.6971169344404378
552,3.238095238095238,420,3.246290883289741
553,3.8772727272727274,440,3.8709001773657525
554,2.6818181818181817,22,2.965783744205897
555,3.9415094339622643,530,3.935009407064053
556,4.257142857142857,105,4.19917460708338
557,4.5,2,3.7420899845490587
558,2.635514018691589,107,2.717137434312724
559,3.0,5,3.3936719876392467
560,3.7142857142857144,7,3.6414752832111
561,3.5555555555555554,9,3.5739515691888792
562,3.7774936061381075,391,3.772830622979024
563,3.3333333333333335,12,3.4502309006631227
564,2.3461538461538463,26,2.691807772627464
565,2.9574468085106385,47,3.068510172185767
566,3.0,11,3.2811942768851763
567,3.8181818181818183,11,3.709765705456605
568,3.888888888888889,27,3.808245400394289
569,2.971830985915493,71,3.0482108619085024
570,3.1052631578947367,19,3.2725889591237483
571,3.4285714285714284,28,3.471186310910229
572,3.0,2,3.4920899845490587
573,3.4375,16,3.496349223638027
574,3.5,144,3.5058771416531735
575,2.7590361445783134,83,2.8484417184364377
577,2.8947368421052633,38,3.0396891628039313
579,2.0,1,3.445916346780791
580,3.2,45,3.27100145117434
581,4.0588235294117645,102,4.0170096412016845
582,3.0,2,3.4920899845490587
583,3.6956521739130435,23,3.663790297411779
585,2.8854489164086687,323,2.906621861305071
586,3.1414538310412574,509,3.1501061268103827
587,3.500563697857948,887,3.5015664211979804
588,3.7873873873873873,1110,3.78562953554874
589,4.0678633975481615,2284,4.06578251081717
590,3.899497487437186,1194,3.8969311294141105
591,2.0,2,3.3254233178823918
592,3.589545844044559,1167,3.58955401853406
593,4.359832635983263,2151,4.356272595934562
594,3.8419243986254297,582,3.837677499686805
595,3.889679715302491,843,3.8861724265118274
596,3.753846153846154,390,3.7497626995364715
597,3.6735436893203883,824,3.672548057331641
598,4.333333333333333,6,3.869067488411794
599,4.117370892018779,213,4.093744752531787
600,3.3333333333333335,18,3.4251814219495964
601,3.0,1,3.536825437689882
602,4.233333333333333,30,4.072626995364717
603,3.0238095238095237,42,3.132789996434398
605,3.36046511627907,172,3.373104834146092
606,2.22972972972973,74,2.3917271406498655
607,1.0,1,3.3550072558717003
608,4.260727611940299,2144,4.257616100192474
609,2.769230769230769,52,2.9016948357191725
610,3.5727969348659006,522,3.5731298492755426
611,2.489130434782609,184,2.545902473271076
612,2.3620689655172415,58,2.5427217619792457
613,3.646153846153846,65,3.638734397527849
614,2.5,6,3.181567488411794
615,4.12280701754386,57,4.043359400217742
616,3.375,224,3.3842097427973874
617,3.5,12,3.541139991572214
618,1.6,5,2.9270053209725804
619,2.8095238095238093,21,3.0614541875673775
621,3.764705882352941,34,3.7251154503315616
623,3.0,2,3.4920899845490587
624,4.0,1,3.627734528598973
626,2.142857142857143,14,2.746044992274529
627,3.550561797752809,89,3.554596765803926
628,3.901554404145078,386,3.8936996965014865
630,2.4,5,3.193671987639247
631,2.0892857142857144,56,2.316743633554374
632,3.5555555555555554,9,3.5739515691888792
633,3.764705882352941,17,3.700188141281063
634,1.0,2,3.1587566512157252
635,3.65,60,3.64150114020841
637,2.5,112,2.5893859001195794
638,3.1538461538461537,13,3.343699122373422
639,2.6721311475409837,61,2.801479997388573
640,2.685185185185185,54,2.8266418721029485
641,1.0,1,3.3550072558717003
642,2.0,1,3.445916346780791
643,2.0,3,3.2234676780452847
644,2.0,1,3.445916346780791
645,3.5384615384615383,13,3.5610904267212478
647,3.5555555555555554,333,3.556574576718917
648,3.4230430958663147,1137,3.4245031210240526
649,4.076923076923077,13,3.8654382528082043
650,3.4285714285714284,70,3.448813497682359
651,2.0,1,3.445916346780791
652,3.2,5,3.4603386543059136
653,3.2343434343434345,495,3.2413961976526506
655,1.0,1,3.3550072558717003
656,2.6153846153846154,26,2.8862522170719083
657,3.0,1,3.536825437689882
659,3.6875,16,3.650195377484181
660,2.0,1,3.445916346780791
661,3.4394299287410925,421,3.4429352199874446
662,2.967741935483871,93,3.028204658394065
663,3.3969849246231156,199,3.4062444010267403
664,3.1666666666666665,6,3.431567488411794
665,3.6785714285714284,28,3.6553968372260184
666,2.0,1,3.445916346780791
667,2.119047619047619,42,2.4020207656651675
668,4.361111111111111,36,4.1935886916214935
669,4.25,16,3.996349223638027
670,4.413043478260869,46,4.266162139546227
671,3.661290322580645,372,3.6594373817135826
672,2.0,2,3.3254233178823918
673,2.6345733041575494,457,2.6550429974616456
674,3.0283018867924527,318,3.0454423165078923
678,4.261410788381743,241,4.234681592886807
679,4.0,1,3.627734528598973
680,3.306122448979592,49,3.3543233866879443
681,4.0,11,3.8050038006947
682,4.0,2,3.6587566512157252
684,1.0,1,3.3550072558717003
685,3.260869565217391,23,3.3607599943814757
687,3.5,2,3.5754233178823918
688,2.2267441860465116,172,2.3016762627175202
690,2.0,2,3.3254233178823918
691,3.139784946236559,93,3.183544464219308
692,2.1363636363636362,88,2.2847457123937622
694,2.6964285714285716,112,2.7697137689720384
695,3.1965811965811968,117,3.227599053658179
696,3.3333333333333335,3,3.5311599857375926
697,2.5806451612903225,62,2.720903886313732
698,2.2,5,3.12700532097258
700,3.2314814814814814,108,3.2619074560558365
702,3.727272727272727,22,3.684533744205897
703,1.5714285714285714,7,2.7591223420346296
704,2.4375,32,2.7120257098711598
705,3.8181818181818183,22,3.747033744205897
706,1.0,1,3.3550072558717003
707,3.0765765765765765,222,3.0987287923042617
708,3.4444444444444446,531,3.4471443249807554
709,2.9464285714285716,112,2.99922196569335
710,2.4054054054054053,37,2.6575548896721
711,2.4909090909090907,55,2.660078150993672
712,4.0,1,3.627734528598973
714,3.9298245614035086,114,3.902460321085393
715,3.6666666666666665,36,3.6501104307519285
716,2.761904761904762,21,3.0291961230512485
718,3.3684210526315788,19,3.4450027522271967
719,2.864130434782609,184,2.901572576363859
720,4.422740524781341,343,4.399164532052659
722,3.75,24,3.703090582782021
724,3.1171171171171173,333,3.1309186000425324
725,2.63768115942029,69,2.758292149551756
726,3.0,4,3.4217914153277644
728,3.7588235294117647,170,3.749472665636604
729,3.6666666666666665,3,3.6080830626606692
730,1.0,1,3.3550072558717003
731,2.8048780487804876,41,2.958923133619386
732,2.8,5,3.3270053209725803
733,3.734234234234234,1110,3.732950964120169
734,3.0,3,3.4542369088145155
735,3.2195121951219514,82,3.2598378240716164
736,3.1724137931034484,928,3.1768710872223758
737,2.0637450199203187,251,2.1222416851133667
741,4.109311740890688,247,4.089124824181279
742,2.524137931034483,145,2.592935998803798
743,2.525,80,2.6433897757176523
744,2.0,2,3.3254233178823918
745,4.521978021978022,546,4.505224963695303
746,4.08,25,3.940145137559677
747,2.088888888888889,45,2.361910542083431
748,3.1611940298507464,335,3.173637912506054
749,2.6666666666666665,3,3.377313831891439
750,4.459821428571429,1120,4.45212838921645
751,3.75,8,3.661393323032706
753,3.1538461538461537,26,3.275141105960797
754,3.0,7,3.3473576361522768
755,3.6666666666666665,6,3.619067488411794
756,3.0,3,3.4542369088145155
757,3.6666666666666665,3,3.6080830626606692
758,4.0,1,3.627734528598973
759,4.042553191489362,47,3.9632470142910297
760,3.5,22,3.528283744205897
761,2.763440860215054,93,2.8437386389765895
762,2.190082644628099,242,2.24565507862932
764,3.1964285714285716,56,3.2561375729483135
765,2.5984848484848486,132,2.6683456324971035
766,3.4696969696969697,66,3.4855931554551147
767,2.923076923076923,13,3.2132643397647263
769,3.4444444444444446,9,3.5213199902415107
771,3.6153846153846154,13,3.604568687590813
775,3.2222222222222223,9,3.416056832346774
776,3.0,3,3.4542369088145155
778,3.9464882943143813,598,3.940633354958205
779,2.6944444444444446,36,2.889240865534537
780,3.5123626373626373,1456,3.5128956888230483
781,3.3835616438356166,73,3.408494937525165
782,2.6134453781512605,119,2.6891866652293697
783,3.2145214521452146,303,3.2265338013245644
784,2.760135135135135,296,2.7872715026620547
785,3.4968152866242037,628,3.498283824160797
786,3.136111111111111,360,3.148392107606996
787,5.0,2,3.8254233178823918
788,3.0164141414141414,792,3.0235724187214323
789,3.0,2,3.4920899845490587
790,3.0,1,3.536825437689882
791,3.5,2,3.5754233178823918
792,4.0,1,3.627734528598973
793,2.375,8,3.0502822119215947
796,2.0,1,3.445916346780791
798,2.754385964912281,171,2.800580551461816
799,3.2878228782287824,271,3.298594590087504
800,4.110280373831776,535,4.100743265714842
801,3.031578947368421,95,3.084810283948464
802,3.485981308411215,321,3.489139213941355
803,3.8205128205128207,39,3.773573057440586
804,2.9763313609467454,169,3.0106429039921156
805,3.6091954022988504,261,3.608505829574128
806,3.1219512195121952,41,3.2138250944037
807,3.0,11,3.2811942768851763
808,3.5,32,3.521549519394969
809,2.616279069767442,86,2.717761248068632
810,1.4705882352941178,102,1.6598667840588277
811,4.333333333333333,6,3.869067488411794
813,2.4571428571428573,35,2.7090017736575267
815,2.0,6,2.994067488411794
818,2.556390977443609,133,2.6287068518502705
820,3.0,3,3.4542369088145155
821,2.0,2,3.3254233178823918
823,3.0,3,3.4542369088145155
824,3.9047619047619047,21,3.803389671438345
827,3.0,1,3.536825437689882
828,2.977777777777778,45,3.089183269356158
829,2.287128712871287,101,2.4045502685998983
830,2.9646017699115044,226,2.991123219553342
831,4.133333333333334,15,3.916203192583548
832,3.484234234234234,444,3.4865750656709
833,2.263157894736842,57,2.4612698479789357
834,1.0,1,3.3550072558717003
835,3.1627906976744184,86,3.2073445814019657
836,2.650537634408602,186,2.698495305176473
837,3.4408602150537635,186,3.448495305176473
838,3.915211970074813,401,3.9073116297191937
839,2.2115384615384617,104,2.332500700127971
840,2.5833333333333335,36,2.8022843437954066
841,3.5,20,3.5301693271529566
842,2.6115702479338845,121,2.6862983191953336
843,1.0,1,3.3550072558717003
844,3.3333333333333335,6,3.494067488411794
846,3.7419354838709675,31,3.705001946697285
847,2.0,6,2.994067488411794
848,3.41025641025641,117,3.424449447358966
849,2.5260663507109005,422,2.5507062032745105
850,3.730769230769231,26,3.691807772627464
851,3.4725274725274726,91,3.4842087110355315
852,3.233067729083665,502,3.2400489840128683
853,4.0,3,3.6850061395837463
854,3.4285714285714284,7,3.5238282243875707
858,4.517609391675561,1874,4.512688471239166
859,2.0,1,3.445916346780791
860,4.0,7,3.7591223420346296
861,3.5258215962441315,213,3.528722331007124
862,3.6785714285714284,28,3.6553968372260184
863,3.857142857142857,7,3.700298812622865
864,3.7,10,3.6452539907294352
866,3.802521008403361,476,3.7981586004415404
867,2.2777777777777777,18,2.746609993378168
868,3.0,1,3.536825437689882
869,3.193548387096774,31,3.290367800355822
870,2.289473684210526,38,2.5605224961372643
872,3.0,1,3.536825437689882
874,3.0,5,3.3936719876392467
875,3.433333333333333,30,3.4726269953647178
876,2.7058823529411766,17,3.0335214746143966
877,3.235294117647059,17,3.3668548079477296
878,4.0,1,3.627734528598973
879,2.854054054054054,185,2.891820922126096
880,2.1580882352941178,272,2.2088832617538605
881,2.564516129032258,62,2.707014997424843
882,2.6444444444444444,45,2.8164559966288856
885,2.5555555555555554,36,2.780545213360624
886,2.923076923076923,78,2.9989213615294172
887,4.0,1,3.627734528598973
888,2.1463414634146343,41,2.429511368913504
889,2.5,2,3.4087566512157252
891,2.448717948717949,156,2.5175004808107753
892,3.891472868217054,129,3.8698207180905664
893,3.693548387096774,62,3.6792372196470655
895,1.0,2,3.1587566512157252
896,3.372093023255814,43,3.4133033927280887
897,3.7848101265822787,79,3.762978424883019
898,4.304259634888438,493,4.2900697411820845
899,4.280821917808219,584,4.269200471068331
900,3.87007874015748,254,3.859488938691624
901,3.637037037037037,135,3.633828136652336
902,3.8845437616387337,537,3.8791683360412956
903,4.2760989010989015,728,4.266809051239281
904,4.491586538461538,832,4.480884892891435
905,4.237942122186495,311,4.21777283431336
906,4.079470198675497,151,4.049099874624775
907,3.891566265060241,83,3.8591944066084807
908,4.400725294650952,1103,4.393445714119127
909,4.117824773413897,331,4.102360937872694
910,4.326023391812866,684,4.315425187052722
911,4.211618257261411,241,4.186872827946568
912,4.42393655371305,1387,4.4179707085286966
913,4.408,875,4.398762802050383
914,4.126272912423625,491,4.1155790016259255
915,3.972027972027972,286,3.959138783157394
916,4.242990654205608,321,4.223278186751023
917,3.7288135593220337,59,3.7087692726751986
918,3.78,150,3.7681567488411796
919,4.2368794326241135,1410,4.232327520996189
920,3.992600422832981,946,3.9883944349524985
921,3.9302325581395348,258,3.917556267964883
922,4.5372750642673525,389,4.513546565951351
923,4.424071991001125,889,4.414799866312112
924,4.101346562721474,1411,4.097751639559879
925,3.25,12,3.4047763552085772
926,4.258461538461538,325,4.2385226263122044
927,4.015625,64,3.9581767542511987
928,4.1689655172413795,290,4.149683599381962
929,3.857142857142857,70,3.823813497682359
930,4.317415730337078,356,4.297554862881389
931,3.9411764705882355,170,3.921694887858826
932,4.0476190476190474,147,4.0185036930865525
933,4.118309859154929,355,4.1038495337385985
934,3.6536964980544746,257,3.651329886946025
935,3.6129032258064515,62,3.609792775202621
936,4.120689655172414,116,4.078611744560228
937,3.7777777777777777,36,3.737066952491059
938,3.5734265734265733,143,3.574543005324109
939,3.2,10,3.3952539907294352
940,4.0092879256965945,323,3.9967119513951608
941,3.7471264367816093,87,3.7309802042741103
942,4.233606557377049,244,4.208287715805467
943,3.9925925925925925,135,3.9648626194109564
944,3.7916666666666665,72,3.767135119690106
945,4.124378109452737,201,4.09907620765208
946,3.8962962962962964,135,3.8752074469971634
947,4.129032258064516,155,4.09639442311872
948,3.7422680412371134,97,3.728084858080268
949,4.016666666666667,180,3.994237262182046
950,4.2631578947368425,228,4.234895293338608
951,4.251515151515152,330,4.232073764160556
952,3.607929515418502,227,3.6071944295974205
953,4.280898876404494,534,4.268207867306229
954,4.231788079470198,302,4.211234230174964
955,4.171091445427729,339,4.154455816087648
956,3.515151515151515,33,3.532676274757877
957,3.3666666666666667,30,3.4226269953647175
958,3.5454545454545454,11,3.566908562599462
959,3.7555555555555555,45,3.7255469057197947
960,3.5625,16,3.573272300561104
961,3.533333333333333,15,3.5562031925835482
962,3.857142857142857,7,3.700298812622865
963,3.4893617021276597,47,3.507106663413837
964,3.4523809523809526,42,3.478943842588244
965,4.108808290155441,193,4.08327625524428
966,3.8,5,3.6603386543059133
967,3.260869565217391,23,3.3607599943814757
968,3.6759868421052633,608,3.67460368902037
969,4.246842709529277,871,4.2393928261232565
970,3.3,30,3.3726269953647177
971,4.009433962264151,212,3.9905634225882367
972,3.25,4,3.493219986756336
973,3.8840579710144927,69,3.8468997444884647
974,3.6666666666666665,12,3.6320490824813048
975,1.5,2,3.2420899845490587
976,3.522727272727273,44,3.5352792558257167
977,2.0,2,3.3254233178823918
978,4.175675675675675,74,4.10601285493558
980,2.8,5,3.3270053209725803
981,2.75,4,3.3503628438991933
982,3.712121212121212,66,3.696119471244588
984,2.64,25,2.9115737089882487
985,3.75,4,3.636077129613479
986,3.625668449197861,187,3.623883653881161
987,2.8260869565217392,23,3.057729691351173
988,3.36,50,3.398417996909812
989,5.0,1,3.718643619508064
990,2.595744680851064,47,2.770264558150679
991,3.510948905109489,137,3.5163610871740727
992,2.6875,16,3.0348107620995655
993,3.0,5,3.3936719876392467
994,4.103448275862069,348,4.089120334677623
996,2.8838383838383836,198,2.9178128837239843
997,3.2916666666666665,24,3.379561171017315
998,3.0,71,3.072902219933194
999,3.2339449541284404,218,3.249583683397319
1000,3.125,16,3.3040415313303346
1002,4.2,5,3.793671987639247
1003,2.9270833333333335,96,2.9896705642885726
1004,2.6666666666666665,90,2.759050798145887
1005,2.409090909090909,110,2.507542331788239
1006,3.193548387096774,62,3.2486816640915097
1007,3.0105263157894737,190,3.0395253990729434
1008,3.3375,80,3.3656119979398746
1009,3.168103448275862,232,3.1855581810520195
1010,3.2637362637362637,182,3.2807556240343163
1011,2.6826923076923075,104,2.7623252615314797
1012,3.7241379310344827,232,3.718616032291689
1013,3.538860103626943,193,3.541404334062013
1014,3.324324324324324,111,3.3463229736742868
1015,3.328042328042328,189,3.3412315568572297
1016,3.2288135593220337,118,3.2570709360514742
1017,3.5971563981042656,211,3.5968555647718947
1018,3.272727272727273,99,3.3018814661888873
1019,3.712215320910973,483,3.709746612199977
1020,3.2739726027397262,292,3.284453906670824
1021,2.7628865979381443,194,2.803456273600925
1022,3.7616926503340755,449,3.7579631368509556
1023,3.9664804469273744,179,3.946587723886713
1024,3.24,100,3.2718643619508065
1025,3.5855855855855854,222,3.5857977578215032
1026,4.0,6,3.744067488411794
1027,3.1578947368421053,247,3.174727937021746
1028,3.8968446601941746,824,3.893171558530682
1029,3.6995515695067263,446,3.6971602627512907
1030,3.0292887029288704,239,3.0518276297774647
1031,3.516949152542373,236,3.5199393488397916
1032,3.692493946731235,413,3.6900829310037557
1033,3.457777777777778,225,3.463425871551441
1034,3.706766917293233,133,3.6986369217803405
1035,3.9140845070422534,710,3.909590388631373
1036,4.147275405007364,1358,4.1432054677007235
1037,2.6608187134502925,513,2.6785947988806664
1038,3.1666666666666665,6,3.431567488411794
1039,3.5,2,3.5754233178823918
1040,2.3333333333333335,3,3.3003907549683618
1041,4.0428211586901766,397,4.0317078128122565
1042,3.47242206235012,417,3.475187540549388
1043,2.8076923076923075,78,2.8966486342566893
1044,3.1379310344827585,29,3.2539764055022746
1046,4.132352941176471,68,4.062885638648573
1047,3.487534626038781,361,3.490310188179484
1049,3.3608815426997247,363,3.3670377474921946
1050,3.8205128205128207,117,3.802402203264478
1051,3.356164383561644,73,3.384398551982996
1053,2.8214285714285716,28,3.0238178898575976
1054,3.23728813559322,59,3.2884794176027348
1055,2.6875,16,3.0348107620995655
1056,3.526315789473684,38,3.5396891628039313
1057,3.558252427184466,206,3.5597457398823553
1058,3.0,7,3.3473576361522768
1059,3.4242424242424243,363,3.4286999458836154
1060,3.990306946688207,619,3.9839508423125416
1061,3.543973941368078,307,3.5454418921595856
1063,3.3,20,3.3968359938196233
1064,2.9743589743589745,156,3.011476384425233
1066,4.144736842105263,152,4.110525184040671
1067,3.8421052631578947,19,3.7553475798134035
1068,3.7142857142857144,28,3.681712626699703
1069,3.9886363636363638,88,3.9480110185162114
1070,3.0,2,3.4920899845490587
1071,3.5,2,3.5754233178823918
1073,3.8411764705882354,1020,3.838742795936494
1076,3.8947368421052633,19,3.789830338434093
1077,3.990369181380417,623,3.984052258790819
1078,3.801324503311258,302,3.7945675635082967
1079,3.9863263445761166,1097,3.9827507496066747
1080,4.019815059445178,757,4.014217835481862
1081,3.6239782016348774,367,3.6230903973861768
1082,3.6910569105691056,123,3.6834968407111934
1083,3.549618320610687,131,3.5525182965573667
1084,4.095070422535211,568,4.086340968537351
1085,3.7545454545454544,110,3.7408756651215724
1086,4.073333333333333,300,4.0577583219825435
1087,3.357142857142857,14,3.4543783256078626
1088,3.3345521023765996,547,3.339147360528884
1089,4.1611650485436895,1030,4.1556779613601815
1090,4.1126609442060085,932,4.107117919123767
1091,2.7867132867132867,286,2.813868512887124
1092,3.53109243697479,595,3.532074512090229
1093,3.382562277580071,562,3.3861976919835466
1094,3.727272727272727,1023,3.7259487703916636
1095,3.9133333333333336,450,3.9063153909012795
1096,3.956043956043956,273,3.9431274905109137
1097,3.95130890052356,1910,3.9494297290700984
1098,2.6666666666666665,3,3.377313831891439
1099,4.059210526315789,152,4.030278270460424
1100,2.772189349112426,338,2.795704252340772
1101,3.6654411764705883,816,3.664533994932916
1102,2.3333333333333335,3,3.3003907549683618
1103,3.9361022364217253,313,3.9254027238841753
1104,4.25,392,4.233594725906936
1105,1.868421052631579,38,2.2271891628039313
1107,2.0,2,3.3254233178823918
1111,4.1125,80,4.054500886828763
1112,3.36,25,3.425859423273963
1113,3.1025641025641026,39,3.2021444860120143
1114,2.761904761904762,21,3.0291961230512485
1115,1.0,1,3.3550072558717003
1116,3.4375,16,3.496349223638027
1117,4.363636363636363,11,3.9954799911708907
1118,2.0,1,3.445916346780791
1119,3.269230769230769,26,3.3584744392941306
1120,3.5502958579881656,338,3.5514513787775535
1121,3.090909090909091,11,3.3288133245042237
1123,3.625,24,3.6148552886643737
1124,3.7347560975609757,328,3.7304884018183095
1125,3.764705882352941,306,3.7591932905524956
1126,2.3969465648854964,262,2.440827499318341
1127,3.690179806362379,1446,3.6894952471254046
1128,2.9420289855072466,138,2.985845133882356
1129,3.4854771784232366,723,3.4869100679598755
1130,3.2972972972972974,185,3.3123337426389163
1131,4.3522727272727275,176,4.311317633411767
1132,4.2457142857142856,175,4.2102977287275065
1133,1.0,1,3.3550072558717003
1134,3.0,1,3.536825437689882
1135,3.2,325,3.211656954670414
1136,4.347585114806018,1263,4.341637926013031
1138,4.0,6,3.744067488411794
1139,4.0,2,3.6587566512157252
1142,1.0,2,3.1587566512157252
1144,3.7142857142857144,14,3.662711658941196
1145,2.5,2,3.4087566512157252
1147,4.353982300884955,226,4.3216316941296125
1148,4.517099863201095,731,4.5045952494124
1149,4.5,2,3.7420899845490587
1150,3.946969696969697,132,3.921866759257667
1151,3.5172413793103448,29,3.5360276875535566
1152,3.48,25,3.511573708988249
1153,3.875,8,3.716948878588261
1154,3.7333333333333334,15,3.6762031925835483
1160,1.8,5,2.993671987639247
1161,3.945945945945946,74,3.9036319025546273
1162,4.0,74,3.9512509501736752
1163,3.2,15,3.356203192583548
1164,4.25,4,3.7789342724706216
1167,2.8974358974358974,78,2.9761940888021443
1168,1.875,16,2.5348107620995655
1169,3.5,24,3.5266199945467265
1170,1.7692307692307692,13,2.5610904267212478
1171,3.700617283950617,324,3.697320598247271
1172,4.285714285714286,497,4.272002129811812
1173,3.414473684210526,152,3.425339998855486
1174,3.8,5,3.6603386543059133
1175,4.0034364261168385,291,3.989717873138168
1176,4.019047619047619,105,3.981783302735554
1177,4.0344827586206895,116,3.9992466651951486
1178,4.49746192893401,197,4.453647728572892
1179,3.7858117326057297,733,3.783183149144803
1180,3.8125,32,3.759644757490207
1181,2.9,10,3.2452539907294353
1183,3.6526576019777504,809,3.651898754352367
1184,3.8472222222222223,72,3.815915607494984
1185,3.936288088642659,361,3.9269678701201847
1186,3.6053215077605323,451,3.6050001731335977
1187,3.5945945945945947,111,3.5942568579718075
1188,3.97992700729927,548,3.9729481717107324
1189,4.245283018867925,212,4.215788647813462
1190,3.5308641975308643,81,3.5374184595009748
1191,3.096969696969697,165,3.1251718846547933
1192,4.071428571428571,84,4.020266806538178
1193,4.399580125962212,1429,4.393957664916323
1194,3.497076023391813,171,3.502238010025352
1196,4.290143084260731,2516,4.287373349095245
1197,4.302003081664099,1947,4.2983674398643785
1198,4.478672985781991,2110,4.474483528214429
1199,4.10427807486631,748,4.097500105296291
1200,4.136752136752137,1521,4.133184245470013
1201,4.132939438700148,677,4.125043784300711
1202,3.685185185185185,54,3.6703918721029485
1203,4.297520661157025,484,4.283208663592284
1204,4.414925373134328,670,4.40280158796263
1205,3.43859649122807,171,3.4469893912408214
1206,4.110435663627153,987,4.105220742040711
1207,4.417462482946794,733,4.406332543492044
1208,4.2839248434238,958,4.276761446089451
1209,4.048611111111111,144,4.018864154640187
1210,4.01994301994302,2457,4.018202302316412
1211,4.08994708994709,189,4.064849647309491
1212,4.474801061007957,377,4.451951110632012
1213,4.2843772498200146,1389,4.279417498080479
1214,4.169491525423729,1711,4.166127297974776
1215,3.805764411027569,798,3.803100346305184
1216,3.6323529411764706,68,3.626988202751137
1217,4.280821917808219,292,4.257963840445657
1218,4.22279792746114,193,4.1916506394807325
1219,4.230401529636711,1046,4.224341931642603
1220,3.9375,1120,3.934429274172203
1221,4.360934182590234,1413,4.355520084198587
1222,4.12142152023692,1013,4.1162317495743785
1223,4.375,384,4.355089035062408
1224,4.2897727272727275,352,4.270456021587261
1225,4.228904847396769,1114,4.2232251599773925
1226,4.089385474860335,179,4.062989840288829
1227,3.8585365853658535,205,3.8460701386725056
1228,4.177777777777778,540,4.167100145117434
1230,4.149822695035461,1128,4.1449078030005175
1231,4.03476821192053,604,4.027532703281089
1232,3.5952380952380953,42,3.5943284579728596
1233,4.305755395683454,834,4.297280900254252
1234,4.30814639905549,847,4.299772555209555
1235,4.168458781362007,558,4.158283591222867
1236,4.177215189873418,79,4.111293031624593
1237,4.302127659574468,235,4.273081958426893
1238,3.9833333333333334,300,3.9706615477889953
1240,4.15593220338983,1770,4.152755662817185
1241,3.210526315789474,57,3.267239997232667
1242,4.186046511627907,903,4.179523636160558
1243,3.9814126394052045,269,3.9674017197655504
1244,4.090909090909091,594,4.082624304328789
1245,3.98943661971831,284,3.975867618416968
1246,3.9969183359013867,649,3.990751259202714
1247,4.239800995024876,1005,4.233404019521763
1248,4.222222222222222,414,4.2073233014495015
1249,4.001709401709402,585,3.9947984534698966
1250,4.401129943502825,708,4.389839944031461
1251,4.122222222222222,180,4.0942372621820455
1252,4.34034034034034,999,4.332908899717135
1253,4.1563169164882225,467,4.14445509395092
1254,4.2953929539295395,369,4.276794405843241
1255,3.2857142857142856,42,3.3443284579728596
1256,4.221095334685598,493,4.208558806788447
1257,3.9594594594594597,370,3.949750210038391
1258,4.12514220705347,879,4.119128323750943
1259,4.096858638743456,1528,4.09356637179102
1260,4.346613545816733,251,4.317643983963941
1261,3.8060344827586206,464,3.8014875101573598
1262,4.404593639575972,566,4.390460208011438
1263,4.120353982300885,565,4.111139269242763
1264,4.04954954954955,222,4.029763275062883
1265,3.9532412327311373,1882,3.951324037956971
1266,4.101522842639594,788,4.095119147637329
1267,4.357827476038339,626,4.345762704110989
1268,3.5058823529411764,255,3.5090757728852404
1269,4.185383244206774,561,4.174965113510663
1270,3.9835164835164836,2184,3.981725195904553
1271,3.822269807280514,467,3.8174110687936866
1272,4.274661508704062,517,4.261679468338878
1273,3.9365079365079363,126,3.911066763342564
1274,3.9484240687679084,349,3.938454261321974
1275,3.845528455284553,615,3.841448127703342
1276,4.25,768,4.2415232388362325
1277,3.877076411960133,301,3.8678619929729536
1278,4.2598984771573605,985,4.2531709344870245
1279,3.8074534161490683,161,3.794766548623326
1280,4.168949771689498,219,4.143690304867199
1281,4.059139784946237,186,4.035229999054025
1282,3.946629213483146,712,3.9416967864467987
1283,4.1916932907348246,313,4.1730807424600265
1284,4.306345733041575,457,4.291017301530168
1285,3.784469096671949,631,3.7814431822380477
1286,3.5770925110132157,227,3.5776585646185177
1287,4.094827586206897,580,4.086279796295913
1288,4.16991341991342,924,4.163709935561658
1289,3.993377483443709,151,3.9683545330098675
1290,3.5760869565217392,184,3.5768303083226223
1291,4.153846153846154,1339,4.149670185185019
1292,3.9715536105032823,457,3.9633941751918385
1293,4.1276190476190475,525,4.117579588438483
1294,4.138228941684665,926,4.132377222024133
1295,3.558252427184466,206,3.5597457398823553
1296,4.023605150214593,466,4.014506470198716
1297,3.7449856733524354,349,3.7406826735782412
1298,3.6698412698412697,315,3.6674002455833494
1299,4.223529411764706,595,4.213066247627419
1300,4.178707224334601,263,4.157161464522303
1301,3.9904458598726116,314,3.9781020981931747
1302,3.8837606837606837,585,3.878832066915275
1303,4.142307692307693,260,4.121870665979958
1304,4.222129086336966,1193,4.2168787030877715
1305,3.8297872340425534,94,3.8067796136018144
1306,3.5779816513761467,109,3.5790342841562075
1307,4.077290836653386,1255,4.073442750841572
1310,3.6333333333333333,30,3.6226269953647177
1311,1.0,2,3.1587566512157252
1312,3.238095238095238,21,3.351776768212539
1313,2.142857142857143,7,2.9944164596816885
1315,3.0,1,3.536825437689882
1316,4.0,1,3.627734528598973
1317,3.1515151515151514,33,3.2536065073160163
1320,3.033505154639175,776,3.040591704598713
1321,3.767123287671233,438,3.7631809817289925
1322,1.7241379310344827,29,2.202694354220223
1323,1.3157894736842106,38,1.7896891628039313
1324,1.6666666666666667,21,2.2872606391802806
1325,1.6363636363636365,22,2.247033744205897
1326,2.061224489795918,49,2.320425081603198
1327,2.954397394136808,307,2.974463974178513
1328,1.5,20,2.1968359938196236
1329,2.6296296296296298,27,2.8893264814753703
1330,2.9896907216494846,97,3.0458418674260628
1331,3.175,40,3.258101596291774
1332,2.8842105263157896,95,2.9514769506151306
1333,3.8640132669983416,603,3.859551516826409
1334,3.1472602739726026,292,3.1619373503794326
1335,1.6842105263157894,19,2.3415544763651277
1336,2.183673469387755,49,2.4221199968574356
1337,3.6315789473684212,57,3.625448952456548
1339,3.3211538461538463,520,3.326235999650167
1340,3.9545454545454546,176,3.934973547390262
1341,2.765957446808511,47,2.9106154353436615
1342,2.9302325581395348,215,2.959578132509283
1343,3.6983240223463687,537,3.6963529795513503
1344,3.868512110726644,289,3.8592143137611656
1345,3.6145610278372593,467,3.6140567710997664
1346,3.1699346405228757,153,3.195736685979072
1347,3.524193548387097,372,3.5259295283104413
1348,3.9725274725274726,182,3.9526306240343163
1349,3.0,12,3.268412718844941
1350,3.658682634730539,334,3.656700813414502
1351,3.375,24,3.4383847004290793
1352,2.8285714285714287,70,2.923813497682359
1353,3.1773049645390072,141,3.2046694027456204
1354,3.7766497461928936,197,3.7676573904086412
1355,2.9107142857142856,56,3.0137133305240713
1356,3.708746618575293,1109,3.7076899730246553
1357,3.7972972972972974,444,3.792742466551957
1358,4.205821205821206,962,4.199490822854515
1359,2.515151515151515,165,2.576600456083364
1361,4.2,125,4.154852443071028
1362,4.15,80,4.0878342201620965
1363,3.0,82,3.064185650158573
1365,3.763157894736842,38,3.7271891628039313
1366,3.164383561643836,73,3.2157238531878156
1367,3.0510204081632653,294,3.06876670991641
1369,3.75,4,3.636077129613479
1370,3.554466230936819,918,3.554854611869169
1371,3.151799687010955,639,3.158559445014775
1372,3.414457831325301,830,3.416553666445939
1373,2.7270916334661353,502,2.7439552340128683
1374,3.8980424143556283,1226,3.8955542716946514
1375,3.3616473616473614,777,3.3645553746055765
1376,3.6666666666666665,948,3.6658716908294244
1377,2.956470588235294,850,2.963843116063475
1378,3.4313725490196076,459,3.434765628602534
1379,2.875,304,2.8977868783904097
1380,3.592476489028213,638,3.5924461108249823
1381,1.9416666666666667,240,2.0076203192583546
1382,2.814159292035398,113,2.8772770716633227
1383,1.375,8,2.60583776747715
1384,4.0,4,3.70750570104205
1385,3.3253968253968256,378,3.3322295871510015
1386,1.0,1,3.3550072558717003
1387,4.0864714086471405,1434,4.083036758874369
1388,2.6013986013986012,286,2.6348144588330698
1389,1.8757396449704142,169,1.971536758740719
1390,3.25,92,3.2833831354371443
1391,2.8993288590604025,894,2.906974645812598
1392,3.7527472527472527,182,3.744297290700983
1393,3.7686567164179103,1072,3.767010240124389
1394,4.021867115222876,1189,4.01826945772693
1395,3.302127659574468,235,3.3138982849575047
1396,3.747787610619469,904,3.746066826930622
1397,3.6538461538461537,52,3.6436303195901405
1398,3.3777777777777778,45,3.4164559966288857
1399,3.1466666666666665,75,3.1988832919363377
1401,3.528,125,3.532630220848805
1404,3.1379310344827585,58,3.2044864678615985
1405,3.0686015831134563,379,3.0820182000375027
1406,3.625,16,3.6117338390226426
1407,3.58887381275441,737,3.588895689176156
1408,3.8101736972704714,806,3.807481715459055
1409,3.052287581699346,306,3.069319872830977
1410,2.869565217391304,69,2.960823795121376
1411,3.9539473684210527,304,3.942372865651556
1412,3.8823529411764706,17,3.774262215355137
1413,3.3783783783783785,37,3.4235123364806106
1414,3.6363636363636362,132,3.6331343648914696
1415,3.6296296296296298,27,3.6190562112051
1416,3.204761904761905,210,3.2222958173390395
1417,2.870967741935484,31,3.046465361331432
1419,3.8932038834951457,103,3.8664166355273335
1420,4.0,7,3.7591223420346296
1421,3.0588235294117645,17,3.2557436968366185
1422,3.004405286343612,227,3.029135357867463
1423,4.25,12,3.9502309006631227
1425,3.246268656716418,134,3.270174165379088
1426,2.263157894736842,19,2.720864821192714
1427,2.3,40,2.558101596291774
1428,3.282051282051282,39,3.345001628869157
1429,3.2655601659751037,241,3.278506294082027
1430,1.0,1,3.3550072558717003
1431,2.5851063829787235,188,2.6358842414878216
1432,2.883116883116883,77,2.9644262047653873
1433,1.8,5,2.993671987639247
1434,4.0,2,3.6587566512157252
1436,2.888888888888889,9,3.2581620955046686
1437,3.1666666666666665,18,3.318038564806739
1438,2.803030303030303,264,2.83177036428682
1439,2.3513513513513513,37,2.615001698182738
1440,2.782608695652174,69,2.8848744280327683
1441,3.4157608695652173,368,3.420383809033303
1442,2.9761904761904763,42,3.0943284579728596
1444,3.4285714285714284,7,3.5238282243875707
1445,2.1404958677685952,121,2.2511838153785395
1446,4.070422535211268,142,4.0388492093065045
1447,3.325,40,3.378101596291774
1449,4.186708860759493,316,4.168420490228799
1450,3.5714285714285716,7,3.5826517537993356
1453,2.5083333333333333,120,2.5915775370352976
1454,3.1639344262295084,61,3.224015208656179
1455,2.588235294117647,17,2.959447400540322
1456,2.466666666666667,45,2.67100145117434
1457,3.1182266009852215,203,3.140399435749243
1458,2.5625,16,2.9578876851764884
1459,3.3615635179153096,307,3.368785740740027
1460,2.6266666666666665,75,2.740059762524573
1461,2.6226415094339623,159,2.679911714879223
1463,3.0,29,3.151412302938172
1464,3.323809523809524,105,3.347000694039902
1465,3.457943925233645,107,3.4692741864494763
1466,3.8047445255474455,548,3.800905160958044
1468,2.566371681415929,113,2.6496347952405586
1470,4.0,1,3.627734528598973
1471,5.0,1,3.718643619508064
1472,3.3,40,3.358101596291774
1473,2.75,32,2.950120947966398
1474,2.361111111111111,108,2.465297286564311
1475,3.2666666666666666,60,3.3129297116369814
1476,3.5248756218905473,402,3.526468640326671
1477,3.4583333333333335,24,3.4972082298408442
1479,3.162280701754386,456,3.171470128357486
1480,3.2590909090909093,220,3.273500347019951
1482,3.4489795918367347,49,3.472967454484554
1483,2.712962962962963,108,2.787331184869396
1484,3.705263157894737,95,3.6943340934722735
1485,3.5370741482965933,499,3.5381239289088184
1486,3.1666666666666665,6,3.431567488411794
1487,3.064516129032258,124,3.1037692523476768
1488,2.8953974895397487,239,2.9233135735525653
1489,2.5185185185185186,27,2.808245400394289
1490,1.8666666666666667,15,2.5562031925835482
1493,3.25,16,3.3809646082534117
1494,2.5,14,2.9543783256078626
1495,1.3636363636363635,33,1.8815134840602024
1496,3.0,17,3.2187066597995817
1497,2.159090909090909,44,2.4241681447146055
1498,3.134020618556701,97,3.1766829889213897
1499,2.2042682926829267,328,2.2452813012265938
1500,3.791801510248112,927,3.7896532335267756
1501,2.4615384615384617,13,2.952394774547335
1502,3.142857142857143,7,3.4061811655640413
1503,2.36697247706422,109,2.469790586677216
1504,3.5714285714285716,14,3.5793783256078626
1507,3.242424242424242,33,3.3233739491764815
1508,3.2580645161290325,31,3.3391482881607
1509,4.0,11,3.8050038006947
1510,2.0,1,3.445916346780791
1511,3.642857142857143,14,3.621044992274529
1513,3.05685618729097,598,3.065633354958205
1514,2.6,5,3.2603386543059134
1515,2.536231884057971,138,2.6074667555039777
1516,3.5952380952380953,42,3.5943284579728596
1517,3.678723404255319,940,3.6777948208574616
1518,3.4347826086956523,299,3.4398222647721313
1519,3.4,5,3.52700532097258
1520,2.3333333333333335,12,2.9047763552085772
1522,2.25,4,3.20750570104205
1523,2.607843137254902,51,2.7689357346653884
1525,2.0789473684210527,38,2.393855829470598
1526,2.426470588235294,68,2.575706151469086
1527,3.6455584872471416,1137,3.6450785351478543
1528,2.0,2,3.3254233178823918
1529,3.2857142857142856,21,3.384034832728668
1531,3.6,5,3.593671987639247
1532,2.6666666666666665,6,3.244067488411794
1533,3.8421052631578947,19,3.7553475798134035
1534,3.4,5,3.52700532097258
1535,3.473684210526316,76,3.487268369937078
1537,4.117021276595745,282,4.098989999365029
1538,1.8,5,2.993671987639247
1539,2.625,8,3.161393323032706
1541,3.1197916666666665,192,3.1430944545276667
1542,3.527173913043478,184,3.5304385557453024
1543,3.25,4,3.493219986756336
1544,3.0347222222222223,1008,3.040181807283486
1545,4.098039215686274,51,4.014837374009651
1546,3.775,40,3.738101596291774
1547,3.225806451612903,31,3.314758044258261
1549,2.6,15,2.996203192583548
1550,2.6666666666666665,54,2.8110168721029485
1551,2.8214285714285716,28,3.0238178898575976
1552,3.274234693877551,784,3.2782179846531343
1553,2.75,4,3.3503628438991933
1554,3.4414414414414414,111,3.4537609902032123
1555,3.0,2,3.4920899845490587
1556,1.8862876254180603,299,1.941440387749478
1558,2.0,1,3.445916346780791
1561,3.5,2,3.5754233178823918
1562,2.2550607287449393,494,2.2815576980448187
1563,3.515151515151515,33,3.532676274757877
1564,3.769230769230769,26,3.7195855504052417
1565,3.111111111111111,9,3.3634252533994053
1566,3.277486910994764,382,3.2854721423841546
1567,3.75,4,3.636077129613479
1569,3.453978159126365,641,3.456075391420259
1570,3.45,20,3.4968359938196234
1571,4.052631578947368,38,3.956355829470598
1572,3.75,20,3.6968359938196236
1573,3.3959731543624163,1192,3.3975915805445833
1574,2.9166666666666665,12,3.2229581733903956
1575,2.909090909090909,11,3.233575229266129
1580,3.7306444135373202,2157,3.7299977294945035
1581,2.816326530612245,49,2.947543725670995
1582,3.0625,48,3.153535858872219
1583,2.652173913043478,23,2.936517570139052
1584,3.773049645390071,1128,3.7714455885892697
1585,3.347826086956522,23,3.4213660549875367
1586,3.0373626373626372,455,3.0492582361604055
1587,3.4279918864097363,493,3.431222822693019
1588,3.103139013452915,223,3.1240561365432993
1589,3.3659147869674184,399,3.3714060631163534
1590,2.528708133971292,418,2.5535165416228707
1591,2.6377551020408165,392,2.66145542242435
1592,2.5274725274725274,91,2.63272356252068
1593,2.8897637795275593,127,2.940912991347363
1594,3.852320675105485,237,3.841720970909266
1595,1.7333333333333334,60,1.998643997351267
1596,3.4347826086956523,23,3.481972115593597
1597,3.415797317436662,671,3.4183628191109965
1598,2.7333333333333334,90,2.819050798145887
1599,1.6785714285714286,56,1.968258785069526
1600,2.95,60,3.04150114020841
1601,2.661290322580645,62,2.7903483307581762
1602,2.0,35,2.353446218101971
1603,2.867595818815331,287,2.891936295672016
1604,2.857142857142857,49,2.9814420307557405
1605,2.6923076923076925,65,2.8120677308611826
1606,2.271604938271605,81,2.416539338621854
1608,3.606651376146789,872,3.6064683444609846
1609,2.707317073170732,41,2.880491761070367
1610,4.053701015965167,1378,4.050363890356333
1611,3.324468085106383,188,3.3379044435080236
1612,3.4047619047619047,42,3.440482304126706
1613,2.85,20,3.0968359938196235
1614,3.2522522522522523,333,3.2621139353195003
1615,3.6759776536312847,179,3.6714554487544375
1616,3.0928792569659445,323,3.107823062506273
1617,4.215655780196993,1929,4.212431706969876
1619,3.4060402684563758,298,3.4120294799174955
1620,3.362229102167183,323,3.369084323767533
1621,3.2698412698412698,63,3.313768216638201
1622,2.6666666666666665,3,3.377313831891439
1623,2.150943396226415,106,2.275043791505075
1624,2.707317073170732,41,2.880491761070367
1625,3.9316596931659693,717,3.9269670974065867
1626,2.5492957746478875,71,2.677840491538132
1627,3.0625,208,3.086720549608205
1629,2.949367088607595,79,3.021405391175154
1630,2.0,1,3.445916346780791
1631,3.6666666666666665,30,3.6476269953647176
1632,2.357142857142857,14,2.871044992274529
1633,3.660287081339713,209,3.6571008210711815
1635,3.784366576819407,371,3.7792784247102063
1636,2.0,2,3.3254233178823918
1639,3.774278215223097,762,3.771897771780555
1640,2.4307692307692306,65,2.585401064194516
1641,3.8824742268041237,970,3.8794949794026414
1642,3.0677966101694913,59,3.143551881370851
1643,3.870646766169154,201,3.8573700465146383
1644,2.5973684210526318,380,2.622833537986125
1645,3.445588235294118,680,3.4476885214704183
1646,2.7777777777777777,72,2.8768912172510817
1647,2.727272727272727,66,2.8408563133498514
1648,3.4662162162162162,148,3.4740827836366375
1649,3.8551724137931034,145,3.8380972891263787
1650,3.2758620689655173,29,3.356540508066377
1651,2.4,10,2.9952539907294353
1652,3.5,2,3.5754233178823918
1653,3.685483870967742,868,3.6844021410188934
1654,3.25,64,3.2960145920890365
1655,2.403225806451613,62,2.5681261085359544
1656,3.375,8,3.494726656366039
1657,3.533333333333333,15,3.5562031925835482
1658,3.3037974683544302,79,3.3360121327481878
1659,2.0,4,3.136077129613479
1660,3.526315789473684,133,3.5308047539481726
1661,3.2816901408450705,71,3.3198158001801072
1662,2.6923076923076925,13,3.0828295571560305
1663,3.83739837398374,615,3.833448127703342
1664,4.666666666666667,3,3.8388522934299
1665,2.697986577181208,149,2.7541199988338914
1666,2.2,10,2.8952539907294352
1667,2.7578947368421054,95,2.8371912363294163
1668,2.515151515151515,33,2.7652344142927605
1669,3.6666666666666665,27,3.6460832382321273
1670,3.4328358208955225,67,3.453312724864788
1671,3.2,20,3.330169327152957
1672,3.5525291828793772,257,3.5539516097924673
1673,3.7665198237885464,908,3.7646024834581575
1674,4.01150747986191,869,4.006717952007495
1675,3.1,10,3.345253990729435
1676,3.15,960,3.154541319396483
1677,2.6538461538461537,26,2.9140299948496864
1678,3.7910863509749304,359,3.785650622803763
1679,2.15,20,2.6301693271529567
1680,3.768802228412256,359,3.763970406001595
1681,2.2149532710280373,107,2.3325220496973396
1682,3.855313700384123,781,3.8519659668958135
1683,3.7666666666666666,180,3.757395156918888
1684,3.7906976744186047,43,3.7529260342375226
1685,3.0,1,3.536825437689882
1686,3.1951219512195124,82,3.2380986936368337
1687,3.0714285714285716,266,3.090235796429669
1688,3.508771929824561,228,3.5122062177083557
1689,3.1940298507462686,201,3.212820283481463
1690,2.950693374422188,649,2.960402245545658
1692,2.7222222222222223,18,3.0323242790924536
1693,3.70188679245283,265,3.6978366538712315
1694,3.716577540106952,374,3.7132944786838245
1695,3.55,20,3.5635026604862903
1696,3.5714285714285716,21,3.577583219825442
1699,3.5081967213114753,122,3.514432422837793
1701,3.4549763033175354,211,3.461108958437053
1702,2.5228215767634854,241,2.565358883723461
1703,2.9607843137254903,51,3.0640177018785035
1704,4.175182481751825,1233,4.170478744822678
1707,1.8717948717948718,117,2.007126612713297
1709,2.0,1,3.445916346780791
1711,3.2974051896207586,501,3.303141056388627
1713,2.9836065573770494,183,3.0150522270185944
1714,2.0,1,3.445916346780791
1715,3.142857142857143,7,3.4061811655640413
1717,2.972972972972973,370,2.9892238942489175
1718,2.5714285714285716,7,3.1708870479169824
1719,4.049019607843137,306,4.034509746248698
1720,1.25,4,2.9217914153277644
1721,3.585072231139647,1246,3.58511550940652
1722,3.4382978723404256,705,3.440426685055369
1724,3.0,1,3.536825437689882
1725,3.375,16,3.4578876851764884
1726,2.690909090909091,110,2.7658756651215723
1727,3.207792207792208,154,3.2311285354548094
1728,3.4,10,3.4952539907294353
1729,3.66553480475382,589,3.6642822701412165
1730,3.6953125,128,3.6877179696709326
1731,1.8113207547169812,53,2.093731425628392
1732,3.734513274336283,904,3.7329377240859833
1733,3.0344827586206895,58,3.1162511737439513
1734,3.8466257668711656,163,3.831821270604559
1735,3.1917098445595853,193,3.2113550729782694
1739,1.3235294117647058,34,1.838751813967925
1741,4.0,2,3.6587566512157252
1743,4.0,5,3.72700532097258
1744,2.640625,64,2.7689875650620097
1746,2.7906976744186047,43,2.9416052795205414
1747,3.4857549857549857,702,3.487226235694647
1748,3.828410689170183,711,3.8251110677040066
1749,3.1666666666666665,6,3.431567488411794
1750,2.150943396226415,53,2.3794457113426777
1752,2.7058823529411766,170,2.7550282211921595
1753,3.308219178082192,146,3.3263146141960815
1754,3.4349206349206347,315,3.439707937891042
1755,3.625,24,3.6148552886643737
1756,2.4444444444444446,36,2.6935886916214935
1758,3.54320987654321,81,3.5484074704899857
1759,3.951219512195122,41,3.880491761070367
1760,1.8783783783783783,148,1.9867410114847386
1762,2.685279187817259,197,2.729010047413472
1764,3.0,1,3.536825437689882
1767,3.066666666666667,15,3.276203192583548
1769,3.1264367816091956,261,3.1435611801276337
1770,3.75,12,3.67750362793585
1771,2.6216216216216215,37,2.827767655629547
1772,2.414772727272727,176,2.4779843000784334
1777,3.471671388101983,706,3.473331117059481
1779,2.656179775280899,445,2.676714461130964
1780,4.285714285714286,7,3.876769400858159
1782,2.4,5,3.193671987639247
1783,2.9516129032258065,186,2.984209590890759
1784,3.9796819787985864,1132,3.976274150450603
1785,3.3956834532374103,139,3.4087589249301256
1787,3.5,2,3.5754233178823918
1788,4.059701492537314,67,3.998767270319334
1791,2.8780487804878048,41,3.017746663031151
1792,3.1972222222222224,360,3.207851567066456
1793,2.111111111111111,9,2.8897410428730894
1794,3.419642857142857,112,3.4336481952015467
1796,2.0,4,3.136077129613479
1797,3.967479674796748,123,3.939135938455554
1798,2.5,30,2.7726269953647176
1799,3.4407894736842106,152,3.450031356880177
1801,3.0167785234899327,298,3.035406103294119
1804,3.0481927710843375,83,3.1065062345654697
1805,3.4673267326732673,505,3.4697186015817256
1806,2.915492957746479,142,2.959901840885452
1807,3.2222222222222223,9,3.416056832346774
1809,3.7586206896551726,29,3.715514867040736
1810,3.5306859205776173,277,3.5327703129428176
1811,3.7,10,3.6452539907294352
1812,3.3870967741935485,31,3.436709263770456
1814,3.4375,16,3.496349223638027
1815,2.0,1,3.445916346780791
1816,2.863013698630137,73,2.9506636122239605
1817,3.0,9,3.310793674452037
1821,3.2,160,3.2229710577328747
1822,1.9411764705882353,17,2.5520399931329147
1824,3.3655913978494625,93,3.387427959364939
1825,3.0,23,3.178941812563294
1826,1.5625,32,2.045359043204493
1827,4.053333333333334,75,3.9988832919363375
1829,3.03125,32,3.164406662252112
1830,5.0,1,3.718643619508064
1831,2.581056466302368,549,2.599114632942019
1832,4.0,1,3.627734528598973
1833,3.028436018957346,211,3.053869139432528
1834,3.938618925831202,391,3.929937854899223
1835,3.329710144927536,276,3.33882895040066
1836,3.329896907216495,97,3.3542530823793335
1837,2.607843137254902,51,2.7689357346653884
1839,2.2857142857142856,56,2.483410300221041
1840,3.35,120,3.368500613958375
1841,2.8181818181818183,77,2.906954940397571
1842,4.0,1,3.627734528598973
1843,3.0,1,3.536825437689882
1844,3.782608695652174,23,3.7243963580178394
1845,3.75,236,3.743516584612149
1846,3.066666666666667,15,3.276203192583548
1848,2.979020979020979,143,3.0189874497685536
1849,2.8,5,3.3270053209725803
1850,3.125,8,3.383615545254928
1851,4.0,1,3.627734528598973
1852,2.0,1,3.445916346780791
1853,2.0,12,2.7229581733903956
1854,3.0294117647058822,34,3.156933632149743
1855,2.3797468354430378,79,2.5157874136470637
1856,2.9814814814814814,54,3.0766418721029485
1857,3.210526315789474,19,3.3415544763651277
1858,3.2265625,128,3.2529353609752802
1859,3.6315789473684212,19,3.617416545330645
1860,3.6956521739130435,23,3.663790297411779
1861,3.5,2,3.5754233178823918
1862,2.064935064935065,154,2.1579578037474922
1863,2.226890756302521,119,2.332597517942548
1864,2.7777777777777777,9,3.2055305165573
1865,3.5217391304347827,46,3.53401928240337
1866,3.0194805194805197,154,3.054299267162126
1867,2.4,30,2.6976269953647174
1868,2.0,2,3.3254233178823918
1869,2.341463414634146,41,2.586374114011543
1870,3.56140350877193,57,3.5657474599192343
1871,4.0,3,3.6850061395837463
1872,2.4,5,3.193671987639247
1873,3.712041884816754,191,3.7059954219631277
1874,3.05,20,3.230169327152957
1875,3.4227642276422765,123,3.4353765399593135
1876,3.1735099337748345,755,3.178960888646521
1877,2.5,4,3.2789342724706216
1878,2.111111111111111,9,2.8897410428730894
1879,4.0625,16,3.8809646082534117
1880,3.5625,16,3.573272300561104
1881,2.792452830188679,53,2.9191282510252177
1882,2.3741007194244603,417,2.4025880089334626
1883,3.4232209737827715,534,3.4262961026003467
1884,3.4305555555555554,216,3.4376330965247286
1885,3.700205338809035,487,3.697998148520299
1886,2.75,4,3.3503628438991933
1887,2.5,46,2.6947335681176554
1888,3.003257328990228,307,3.021782586165895
1889,3.9642857142857144,28,3.8659231530154923
1890,2.0,3,3.2234676780452847
1891,1.625,8,2.716948878588261
1892,3.3848684210526314,304,3.391417451638817
1893,3.6923076923076925,13,3.6480469484603786
1894,2.9450549450549453,364,2.96231304763259
1895,3.235294117647059,238,3.2496172573168898
1896,3.0,37,3.125639996055079
1897,3.625,104,3.6219743843384973
1898,3.6153846153846154,13,3.604568687590813
1899,3.111111111111111,9,3.3634252533994053
1900,4.073170731707317,41,3.978530976756641
1901,4.0,3,3.6850061395837463
1902,3.3684210526315788,19,3.4450027522271967
1903,3.3333333333333335,3,3.5311599857375926
1904,3.397727272727273,88,3.417398773618252
1905,2.0,1,3.445916346780791
1906,3.0952380952380953,21,3.2550025746641515
1907,3.7232375979112273,383,3.7198602539811416
1908,3.0,1,3.536825437689882
1909,3.522316043425814,829,3.5231288198028468
1910,3.8181818181818183,33,3.7652344142927605
1911,2.91725768321513,423,2.9328061889482417
1912,3.7890520694259013,749,3.7864362052893132
1913,3.81021897810219,137,3.795272651799923
1914,3.8273615635179152,307,3.8198898416863996
1915,4.0,1,3.627734528598973
1916,3.5135135135135136,296,3.516029672596695
1917,3.206297502714441,921,3.2104243607031027
1918,3.1452513966480447,537,3.1533913707762133
1919,3.182795698924731,93,3.2223794156756185
1920,2.7918088737201363,293,2.818168580246167
1921,3.829113924050633,474,3.8241840492036956
1922,3.4722222222222223,36,3.49793651770845
1923,3.9344262295081966,1098,3.9313222742008924
1924,2.6857142857142855,210,2.7268412718844943
1925,4.0285714285714285,35,3.931223995879749
1926,3.2083333333333335,24,3.3207376416055503
1927,4.220657276995305,213,4.192399461051967
1928,3.5,24,3.5266199945467265
1929,3.774193548387097,62,3.7486816640915097
1931,4.005347593582887,187,3.9842897452517185
1932,3.2758620689655173,29,3.356540508066377
1933,3.4545454545454546,11,3.5192895149804144
1934,4.101694915254237,59,4.027609852385344
1935,4.1125,80,4.054500886828763
1936,3.8461538461538463,65,3.8120677308611826
1937,3.816326530612245,49,3.778052200247266
1938,3.8241758241758244,91,3.8010403942038486
1939,4.134020618556701,194,4.107377842228376
1940,3.8115942028985508,69,3.783608605247958
1941,3.883720930232558,86,3.853177914735299
1942,4.072916666666667,96,4.027406413345177
1943,3.347826086956522,46,3.391162139546227
1944,4.092150170648464,293,4.075594322820424
1945,4.252403846153846,416,4.236866384541288
1946,3.9622641509433962,159,3.940266744465022
1947,4.082474226804123,582,4.074163986173292
1948,3.8506493506493507,154,3.834787072040175
1949,4.2155688622754495,167,4.180254688218016
1950,4.0979020979020975,286,4.080760404779015
1951,3.6890243902439024,164,3.68336252767005
1952,4.107954545454546,528,4.098336579581019
1953,4.122681883024251,701,4.1151970180233315
1954,3.9337078651685395,890,3.9298945331273205
1955,3.783132530120482,332,3.77750023337599
1956,3.9648241206030153,398,3.955649705427913
1957,3.7509727626459144,514,3.7479104576614284
1958,3.5903614457831323,415,3.590364893681385
1959,3.611111111111111,522,3.6107238342379486
1960,3.9688715953307394,514,3.961650915676696
1961,4.0488029465930016,1086,4.044621423188493
1962,3.866537717601547,517,3.8612999616975117
1963,4.053398058252427,206,4.031967962104577
1964,3.8149606299212597,254,3.806458635661321
1965,3.7019969278033793,651,3.7003102569055804
1966,3.61744966442953,149,3.6157552189596776
1967,3.641137855579869,457,3.6400537040997616
1968,3.8907363420427554,1263,3.8883779103021126
1969,2.348360655737705,244,2.3972640937582232
1970,2.6120689655172415,232,2.65250032981235
1971,2.2403846153846154,208,2.3023168798834344
1972,2.0233918128654973,171,2.1099728166551865
1973,2.222826086956522,184,2.293325153683447
1974,3.0613026819923372,261,3.0808305528213604
1975,2.3986013986013988,143,2.476503789637835
1976,1.9876543209876543,162,2.0808434872941204
1977,2.25,136,2.3418156151684157
1978,2.1176470588235294,85,2.2726850506798812
1979,2.2409638554216866,83,2.386076127038588
1980,2.1216216216216215,74,2.29648904541177
1981,1.829268292682927,82,2.0207073892890075
1982,3.7598039215686274,408,3.755753779460738
1983,2.8181818181818183,154,2.8652748769182237
1984,2.0365853658536586,82,2.20548999798466
1985,2.4215686274509802,102,2.525938212630256
1986,2.1238938053097347,113,2.243130730199908
1987,2.4305555555555554,72,2.572013168470594
1988,2.116279069767442,43,2.394435468199787
1989,1.5384615384615385,13,2.4306556441125524
1990,1.6153846153846154,13,2.4741339049821174
1991,2.758793969849246,199,2.798588898634396
1992,2.144144144144144,111,2.263678345575113
1993,1.9268292682926829,82,2.107663911028138
1994,3.689291101055807,663,3.6878232983872046
1995,2.4324324324324325,148,2.5057283532568904
1996,1.8111111111111111,90,1.989050798145887
1997,4.020030816640986,649,4.013513019445506
1998,1.8202247191011236,89,1.9990412102483708
1999,2.790909090909091,110,2.857542331788239
2000,3.8905797101449275,1380,3.8884209207299203
2001,3.5752314814814814,864,3.5754062698107423
2002,3.268476621417798,663,3.273261634197011
2003,3.266025641025641,624,3.2711436590135468
2004,2.5359477124183005,306,2.569319872830977
2005,3.501766784452297,566,3.5033074302336606
2006,3.561224489795918,784,3.561593299514595
2007,2.6530612244897958,49,2.8119505053320117
2008,2.6666666666666665,12,3.0865945370267593
2009,3.526610644257703,357,3.5283517161160454
2010,4.092307692307692,325,4.0773285964614585
2011,3.3637339055793993,932,3.366141273688523
2012,3.229847494553377,918,3.2337339222139962
2013,3.436893203883495,515,3.4398191996468355
2014,3.225563909774436,133,3.251084474227893
2015,3.405750798722045,313,3.4114708353392835
2016,2.6097560975609757,82,2.716359563202051
2017,3.0161290322580645,124,3.0589931329446918
2018,3.736501079913607,463,3.7334145450625553
2019,4.578336557059961,517,4.559592181811364
2020,3.956723338485317,647,3.9511492843448837
2021,3.354354354354354,666,3.357847751205013
2022,3.492822966507177,209,3.497283469473008
2023,3.343167701863354,644,3.346949663325059
2024,3.246031746031746,126,3.2713608809896226
2025,3.340909090909091,176,3.3543283860999393
2026,2.6904761904761907,126,2.7566549986366815
2027,2.4408602150537635,93,2.552476503054259
2028,4.326503340757238,2245,4.3232395032437205
2029,3.7096774193548385,62,3.6931261085359544
2031,3.16,25,3.28300228041682
2032,2.918918918918919,37,3.0618102088210364
2033,3.2360248447204967,161,3.256754852716893
2034,2.7543103448275863,232,2.7888639661759864
2035,3.076923076923077,39,3.1817363227467084
2036,2.2222222222222223,72,2.389086339202301
2037,3.725,40,3.698101596291774
2038,2.841463414634146,164,2.884511952957406
2039,1.0,1,3.3550072558717003
2040,2.9375,96,2.9991045265527236
2041,2.6837606837606836,117,2.755158108776289
2042,2.675675675675676,148,2.7335764545227135
2043,3.3053435114503817,131,3.3255679419474378
2044,2.525,40,2.738101596291774
2045,3.4634146341463414,41,3.488334898325269
2046,3.444700460829493,434,3.447984413996821
2047,2.9285714285714284,14,3.2043783256078626
2048,3.514851485148515,101,3.5216673857170155
2049,3.257142857142857,35,3.331223995879749
2050,2.5853658536585367,82,2.6946204327672687
2051,2.5555555555555554,81,2.669286591369106
2052,2.897810218978102,137,2.9449325157455015
2053,2.2392026578073088,301,2.2826529897575196
2054,2.9215219976218787,841,2.9293831725200805
2055,2.8529411764705883,34,3.020569995786107
2056,3.4375,16,3.496349223638027
2057,3.2933333333333334,75,3.32829505664222
2058,3.634703196347032,657,3.6340405994221716
2059,3.2753623188405796,207,3.2898851604358925
2060,2.9291338582677167,127,2.977409341712326
2061,3.4,5,3.52700532097258
2062,3.26,50,3.3150846635764784
2063,2.6666666666666665,6,3.244067488411794
2064,4.082408874801902,631,4.074734913907315
2065,3.591731266149871,387,3.5917004529334724
2066,4.2,90,4.139050798145887
2067,4.040268456375839,447,4.030426870491441
2068,3.86734693877551,98,3.8417137019869325
2069,3.7815126050420167,119,3.766706045074331
2070,3.956730769230769,208,3.9399315587825168
2071,3.8828125,128,3.8616310131491933
2072,2.9166666666666665,240,2.943620319258355
2073,3.7,50,3.681751330243145
2074,3.2857142857142856,14,3.412711658941196
2075,3.757142857142857,70,3.736313497682359
2076,3.7915904936014626,547,3.787980394640195
2077,3.4705882352941178,119,3.4798843396479744
2078,3.8295019157088124,522,3.8250095485236626
2079,3.5555555555555554,9,3.5739515691888792
2080,3.7994227994227994,693,3.796451038143085
2081,3.7478890229191797,829,3.7460132059768636
2082,2.8850174216027873,287,2.9087713125070325
2083,3.5440414507772022,193,3.5463304424363975
2084,3.1142857142857143,70,3.173813497682359
2085,3.6027397260273974,438,3.6024666960147065
2086,3.45,20,3.4968359938196234
2087,3.6488222698072805,467,3.64759974803897
2088,2.581151832460733,382,2.6069007138127263
2089,3.1968085106382977,188,3.2166923222959025
2090,3.463157894736842,190,3.4695253990729436
2091,2.8410596026490067,151,2.887609191394961
2092,2.456692913385827,127,2.5394531373327642
2093,2.8110599078341014,217,2.845396827377043
2094,3.0996677740863787,602,3.1076880389127264
2095,2.9782608695652173,92,3.038285096221458
2096,3.7091836734693877,392,3.706231541827335
2097,3.517857142857143,168,3.5219386506437567
2098,3.0833333333333335,60,3.1557868544941243
2099,3.642857142857143,182,3.6401306240343163
2100,3.4361370716510904,963,3.4377236174867303
2101,3.6666666666666665,12,3.6320490824813048
2102,3.3975155279503104,161,3.408801636342624
2103,3.269230769230769,26,3.3584744392941306
2104,3.4186046511627906,43,3.4510392417846925
2105,3.339975093399751,803,3.3430566787387312
2106,3.311111111111111,135,3.3303798607902664
2107,2.7300613496932513,163,2.7797981492172754
2108,3.698056801195815,669,3.696472871597332
2109,3.7168539325842698,445,3.7140770984936013
2110,3.2203947368421053,304,3.2321817828490085
2111,3.2362869198312234,237,3.250627853500359
2112,3.4427480916030535,262,3.4481804404948115
2113,2.171875,64,2.363582159656604
2114,3.735,200,3.7281194276885175
2115,3.6784922394678494,902,3.677527499796698
2116,3.320809248554913,346,3.328385055658957
2117,3.758771929824561,228,3.7517020160276835
2118,3.6733333333333333,300,3.6706615477889954
2119,2.3125,112,2.417254752578596
2120,2.994871794871795,195,3.0239272186077497
2121,2.728643216080402,199,2.7698807646631036
2122,2.5193370165745854,181,2.5754192660449666
2123,2.878980891719745,157,2.9215873042789737
2124,3.142605633802817,568,3.1503548093678004
2125,3.7515337423312882,326,3.74674130897199
2126,2.7454545454545456,385,2.7668483033280724
2127,4.0,3,3.6850061395837463
2128,3.176470588235294,17,3.329817770910693
2129,3.5,6,3.556567488411794
2130,3.8326693227091635,251,3.823391110400723
2131,3.739130434782609,23,3.694093327714809
2132,4.05982905982906,234,4.040594589404052
2133,3.2975391498881432,447,3.3039498464214194
2134,3.4813895781637716,403,3.4840316702532412
2135,3.1736526946107784,167,3.197203840760388
2136,3.119047619047619,168,3.1455341562617343
2137,3.856,375,3.8491041034145157
2138,3.8674698795180724,249,3.856776369940497
2139,3.8737201365187715,293,3.864373200708213
2140,3.6500857632933106,583,3.6490810789453434
2141,3.4571428571428573,315,3.4612463994295033
2142,2.803680981595092,163,2.8491623110669866
2143,3.2677966101694915,295,3.278377310867504
2144,3.7411347517730498,564,3.7385105920114783
2145,3.391696750902527,554,3.3952217727209018
2146,3.0970149253731343,268,3.1147664741531966
2147,2.5833333333333335,180,2.6363425253399404
2148,2.9057971014492754,138,2.9520613500985724
2149,2.1839080459770117,87,2.3289183486040077
2150,3.7517482517482517,572,3.748977800368709
2151,3.1517857142857144,112,3.1877465558572844
2152,2.2115384615384617,52,2.4339529002353015
2153,1.9746835443037976,237,2.0401015377108855
2154,2.774774774774775,111,2.842190742269328
2155,3.2462311557788945,199,3.262703731170281
2156,3.7142857142857144,7,3.6414752832111
2157,3.6666666666666665,12,3.6320490824813048
2158,2.388888888888889,18,2.818038564806739
2159,3.4598930481283423,187,3.4665232477897905
2160,3.820689655172414,580,3.816788270872184
2161,3.576301615798923,557,3.576552168985165
2162,2.414285714285714,140,2.492700532097258
2163,2.6198830409356724,171,2.673508728257396
2164,1.6666666666666667,12,2.541139991572214
2165,3.361111111111111,72,3.389086339202301
2166,3.574074074074074,108,3.575466778089735
2167,3.472809667673716,662,3.474561130676471
2168,3.126984126984127,63,3.190480545405325
2169,2.6914893617021276,94,2.7779334597556606
2170,2.673469387755102,98,2.758380368653599
2171,3.7228915662650603,166,3.7153697716737994
2172,3.3333333333333335,3,3.5311599857375926
2173,3.53,100,3.53550072558717
2174,3.565778853914447,1239,3.5659768453279335
2175,3.769230769230769,13,3.6915252093299435
2176,3.8962962962962964,135,3.8752074469971634
2177,3.306451612903226,62,3.345903886313732
2178,3.6533333333333333,75,3.6459421154657496
2179,3.2142857142857144,28,3.3132915740681237
2180,3.4,45,3.4346378148107037
2181,3.5625,96,3.56514226240178
2182,3.602409638554217,83,3.601129890479448
2183,3.921259842519685,127,3.8971173709094065
2184,3.608695652173913,115,3.6072406385167097
2185,3.6666666666666665,12,3.6320490824813048
2186,4.328282828282828,396,4.310111034026081
2187,3.6666666666666665,21,3.6420993488577
2188,2.760204081632653,196,2.800510096187324
2189,3.8666666666666667,15,3.756203192583548
2190,2.8,40,2.9581015962917743
2191,2.5714285714285716,7,3.1708870479169824
2192,3.5,6,3.556567488411794
2193,3.4804804804804803,666,3.4821081062345987
2194,3.9922992299229922,909,3.987927181517507
2195,3.05,100,3.0991370892235337
2196,2.5217391304347827,23,2.8456084792299605
2197,4.0,7,3.7591223420346296
2198,4.0,2,3.6587566512157252
2200,2.6666666666666665,6,3.244067488411794
2201,3.5,14,3.537711658941196
2202,3.9272727272727272,165,3.9080290275119354
2203,4.310160427807487,187,4.273629846774562
2204,3.842857142857143,70,3.8113134976823586
2205,3.689655172413793,29,3.6642328157586848
2206,4.02112676056338,142,3.992796577727557
2207,2.3333333333333335,3,3.3003907549683618
2208,4.21875,160,4.18179458714464
2209,3.4285714285714284,7,3.5238282243875707
2210,3.7058823529411766,34,3.679660904877016
2211,3.75,12,3.67750362793585
2212,3.877551020408163,98,3.8509729612461916
2213,1.0,1,3.3550072558717003
2215,3.4545454545454546,11,3.5192895149804144
2217,1.0,1,3.3550072558717003
2219,3.3333333333333335,9,3.468688411294142
2221,3.5,8,3.5502822119215947
2223,3.5,2,3.5754233178823918
2227,3.857142857142857,14,3.746044992274529
2231,3.588235294117647,255,3.588321055904108
2232,3.4972677595628414,183,3.5020988591429467
2233,1.5,4,2.993219986756336
2234,1.8571428571428572,7,2.876769400858159
2235,2.0,1,3.445916346780791
2236,3.5620915032679736,153,3.5638348454882744
2237,3.5675675675675675,37,3.5724485066933767
2238,3.78125,64,3.755474051548496
2239,3.7534246575342465,73,3.7337961423444423
2240,3.5401069518716577,187,3.5426653797694856
2241,2.78125,96,2.8575950925904596
2242,2.6666666666666665,3,3.377313831891439
2243,3.7169230769230768,650,3.7150076966887706
2244,1.8571428571428572,7,2.876769400858159
2245,3.397530864197531,405,3.402180915215876
2246,2.75,12,3.1320490824813048
2247,3.1125827814569536,302,3.1279008968416306
2248,4.011111111111111,720,4.005349424403546
2249,3.1923076923076925,182,3.213047290700983
2250,3.0833333333333335,48,3.1707772381825636
2251,3.5,2,3.5754233178823918
2252,3.0064935064935066,154,3.0421041452109066
2253,2.572649572649573,351,2.600845096439304
2254,2.0,1,3.445916346780791
2255,2.5522388059701493,67,2.687078958631022
2256,2.3333333333333335,21,2.738873542406087
2257,2.933333333333333,15,3.196203192583548
2258,3.0,2,3.4920899845490587
2259,2.7341772151898733,158,2.785149284610647
2260,2.8780487804878048,41,3.017746663031151
2261,3.37984496124031,129,3.395000574205674
2262,3.129151291512915,271,3.145569679055476
2263,3.107142857142857,140,3.139367198763925
2264,2.5384615384615383,65,2.6787343975278493
2265,1.9672131147540983,61,2.195846194571672
2266,2.8545454545454545,165,2.896600456083364
2267,2.896551724137931,58,2.998604114920422
2268,3.9244114002478314,807,3.9203244550974157
2269,2.75625,160,2.8053239989093455
2271,3.3,50,3.3484179969098116
2272,3.4375,80,3.454500886828763
2273,3.5643153526970957,482,3.5648477232003835
2275,3.3859649122807016,57,3.4164937285759507
2276,3.7962962962962963,54,3.7641418721029485
2277,2.0,1,3.445916346780791
2278,3.5351270553064276,669,3.5359426801393057
2279,2.7444444444444445,180,2.788974104287309
2280,3.4065934065934065,91,3.4248027704414725
2281,3.6666666666666665,9,3.6265831481362474
2282,3.4941634241245136,257,3.497771834511568
2283,2.9782608695652173,46,3.087590710974798
2284,3.6857142857142855,35,3.6645573292130824
2285,3.871794871794872,39,3.814389383971198
2286,2.4545454545454546,33,2.7187227863857837
2287,3.429787234042553,235,3.4363472645493416
2288,3.7913446676970635,647,3.7882877927162686
2289,3.9613992762364294,829,3.95697864101858
2290,3.3076923076923075,104,3.332500700127971
2291,3.579454253611557,1246,3.5795422609988767
2292,2.5384615384615383,13,2.9958730354169
2293,3.176470588235294,17,3.329817770910693
2294,3.465250965250965,518,3.4676232572245995
2295,3.8,60,3.7700725687798387
2296,2.4,105,2.5035224331703367
2297,3.0892193308550184,269,3.10718666600211
2298,1.5,8,2.661393323032706
2300,4.162313432835821,536,4.151840805521225
2301,3.5903225806451613,310,3.590328374420589
2302,3.7746319365798415,883,3.7725700781798306
2303,3.9191176470588234,272,3.9074648220375483
2304,3.3333333333333335,6,3.494067488411794
2305,3.55,20,3.5635026604862903
2306,2.547945205479452,73,2.6735551784890204
2307,2.5806451612903225,31,2.8269531662094805
2308,2.0,1,3.445916346780791
2309,4.5,2,3.7420899845490587
2310,3.769230769230769,104,3.7535533317069185
2311,3.4213197969543145,394,3.425507623303437
2312,3.8072289156626504,249,3.798861312025439
2313,4.0,363,3.98902166170131
2314,3.1012658227848102,79,3.1562368518493114
2315,2.4017857142857144,112,2.49922196569335
2316,2.9771428571428573,175,3.0102977287275063
2317,2.5,6,3.181567488411794
2318,3.8634538152610443,249,3.8529153660794933
2320,3.117241379310345,145,3.1477747084812173
2321,3.686147186147186,924,3.6851232117929213
2322,2.966386554621849,238,2.9915527411878577
2323,3.7916666666666665,24,3.732502347487903
2324,4.332970620239391,919,4.324978557389224
2325,3.176470588235294,85,3.2200534717325127
2326,3.0,11,3.2811942768851763
2327,2.8157894736842106,76,2.9058730210998687
2328,2.8175675675675675,148,2.8664878469277766
2329,4.222916666666666,480,4.2100103669685485
2330,4.205882352941177,68,4.1269882027511375
2331,3.213235294117647,136,3.2390758891410183
2332,3.5,6,3.556567488411794
2333,3.7966101694915255,472,3.7923341904866983
2334,3.1525974025974026,308,3.1663681755175745
2335,2.956386292834891,321,2.975544047778214
2336,4.029216467463479,753,4.023466683898543
2337,3.2580645161290325,93,3.290340580724162
2338,2.225108225108225,231,2.2817638166580445
2339,2.923076923076923,13,3.2132643397647263
2340,3.3088803088803087,259,3.3193497390876905
2341,3.2580645161290325,31,3.3391482881607
2342,3.888888888888889,9,3.7318463060309846
2343,2.0,1,3.445916346780791
2344,3.4022988505747125,174,3.412527607687982
2345,3.2162162162162162,37,3.2958527620125255
2346,3.2832618025751072,233,3.295905678249336
2347,3.816901408450704,71,3.7889516026492434
2348,3.491304347826087,230,3.4954378325607864
2349,3.577777777777778,135,3.5786557228592324
2350,2.875,16,3.150195377484181
2351,4.2967032967032965,91,4.226782968461274
2352,3.8959537572254335,692,3.8916026777985593
2353,3.6933497536945814,812,3.692098637244025
2354,2.7478991596638656,119,2.813217672981308
2355,3.850852272727273,1408,3.8490162763149427
2356,2.8194444444444446,72,2.9134765831047402
2357,4.264150943396227,159,4.224290413104076
2358,4.0,3,3.6850061395837463
2359,3.888086642599278,554,3.8828104252031714
2360,4.32258064516129,93,4.251505629267852
2361,3.246153846153846,130,3.2707505701042052
2362,2.8444444444444446,45,2.980092360265249
2363,3.337078651685393,267,3.346227724962414
2364,2.7857142857142856,98,2.860232220505451
2365,2.72972972972973,111,2.8008684282197414
2366,3.691943127962085,633,3.6903655984674786
2367,2.745019920318725,251,2.77741409890647
2368,1.673913043478261,46,2.016162139546227
2369,2.9440459110473456,697,2.95318964613096
2370,3.5163934426229506,122,3.522008180413551
2371,3.6192468619246863,478,3.6186579504397307
2372,2.945,200,2.975738475307565
2373,2.5031847133757963,157,2.5682938911053217
2374,2.9593908629441623,197,2.989879612630863
2375,2.91131498470948,327,2.9314690795685125
2376,3.279850746268657,268,3.2910254669589523
2377,2.89375,160,2.934735763615228
2378,3.0090909090909093,330,3.0261914112193784
2379,2.4104046242774566,173,2.474891146527807
2380,2.038216560509554,157,2.1311681426023275
2381,1.9361702127659575,141,2.045729005394627
2382,1.8275862068965518,116,1.9675006334491167
2383,1.7394957983193278,119,1.882985114841773
2384,3.2787286063569683,409,3.286169641562264
2385,2.543103448275862,116,2.6262307921792756
2386,1.9375,48,2.2225013761135983
2387,2.9044585987261144,157,2.945539400087357
2388,3.4,10,3.4952539907294353
2389,2.6912442396313363,217,2.730859382443122
2390,3.6666666666666665,264,3.663887152607988
2391,3.749576988155668,591,3.746930249275522
2392,2.2621951219512195,164,2.3385349414631533
2393,3.3402674591381873,673,3.3439313028032043
2394,3.5318681318681318,455,3.533129203902341
2395,3.848605577689243,1004,3.846060236503539
2396,4.1192982456140355,1995,4.116660887688075
2397,3.3333333333333335,21,3.416292897244797
2398,3.946043165467626,278,3.9336981938006548
2399,2.6914285714285713,175,2.740027458457236
2400,2.806451612903226,31,2.9976848735265538
2401,3.7790262172284645,267,3.7722205047458073
2402,2.857142857142857,329,2.878776046650704
2403,3.5975232198142413,323,3.5973125519957616
2404,2.3647540983606556,244,2.413012125254286
2405,3.182795698924731,558,3.1899737320679376
2406,3.6725978647686834,1124,3.6718739680904666
2407,3.545126353790614,831,3.545665968863958
2408,2.6009615384615383,208,2.646353577131141
2409,3.192528735632184,348,3.203645474342426
2410,2.853035143769968,313,2.8758671201690054
2411,2.612676056338028,284,2.6459356456278527
2412,2.183574879227053,207,2.2484105060580126
2413,3.189944134078212,358,3.200829021235295
2414,3.379204892966361,327,3.3854750142866132
2415,2.8,10,3.195253990729435
2416,3.212230215827338,278,3.2253648604673217
2417,2.9682539682539684,63,3.0534942440354618
2418,3.103448275862069,87,3.1536606166452446
2419,3.152542372881356,59,3.216015649486793
2420,3.3958333333333335,384,3.4007743142502247
2421,2.679144385026738,374,2.702877812017158
2422,2.191780821917808,219,2.2528606105440554
2423,3.5918367346938775,392,3.5918036811308176
2424,3.414442700156986,637,3.4171639564367675
2425,3.604651162790698,43,3.6019826380111075
2426,2.9130434782608696,23,3.1183357519572334
2427,3.371913580246914,648,3.375235683608797
2428,2.7855477855477857,429,2.803884008689268
2429,2.823529411764706,136,2.8760621905108814
2430,3.110169491525424,118,3.1476959360514742
2431,3.1626666666666665,375,3.1737794280898406
2432,2.9805825242718447,103,3.0345582284476875
2433,3.362704918032787,488,3.3672792767361215
2434,3.6486486486486487,37,3.636278293927419
2435,3.1216216216216215,74,3.177441426364151
2436,3.6956521739130435,92,3.6853439197508697
2437,3.6721311475409837,61,3.660634926966038
2438,4.0,1,3.627734528598973
2439,3.5987654320987654,162,3.5982853477592367
2440,3.4166666666666665,36,3.4544582568388846
2441,3.1176470588235294,17,3.2927807338736557
2442,3.790909090909091,110,3.7742089984549057
2443,3.6372549019607843,102,3.6330810697731133
2444,4.666666666666667,3,3.8388522934299
2445,2.8076923076923075,52,2.9339529002353015
2446,2.5454545454545454,44,2.7389829595294204
2447,3.082474226804124,194,3.107377842228376
2448,2.361842105263158,152,2.4376856778678313
2449,1.5862068965517242,29,2.1001302516561204
2450,2.0997229916897506,361,2.1399058755110207
2451,2.6354166666666665,96,2.7255196208923462
2452,1.6842105263157894,19,2.3415544763651277
2453,3.287878787878788,132,3.3091907029196386
2454,3.371495327102804,428,3.3764956160150423
2455,3.436147186147186,924,3.4377998713218294
2456,2.306451612903226,248,2.356221239591429
2457,3.3870967741935485,217,3.3960576203285844
2458,2.490566037735849,106,2.585388619091282
2459,3.2736842105263158,190,3.2895253990729434
2460,2.316326530612245,98,2.434306294579525
2461,2.0952380952380953,42,2.382789996434398
2462,1.75,40,2.118101596291774
2463,3.4765625,384,3.47945451729591
2464,2.6666666666666665,6,3.244067488411794
2465,1.8571428571428572,35,2.24233510699086
2466,3.6363636363636362,11,3.6145276102185098
2467,3.8679245283018866,265,3.857836653871231
2468,2.8137254901960786,306,2.838307214603129
2469,3.2881773399014778,406,3.2954449034004534
2470,3.4503401360544217,735,3.452221583643743
2471,2.6903225806451614,310,2.71845337442059
2472,2.945945945945946,74,3.0226795216022464
2473,2.4210526315789473,152,2.493241233423387
2474,3.469964664310954,283,3.4740787706982545
2475,3.2601626016260163,123,3.2850006001096896
2476,3.3166023166023164,259,3.3267846833256085
2477,2.2941176470588234,34,2.588751813967925
2478,3.093886462882096,458,3.104498033791856
2479,2.2432432432432434,37,2.529895315204015
2480,4.5,2,3.7420899845490587
2481,3.4444444444444446,27,3.483921076069965
2482,3.4347826086956523,23,3.481972115593597
2483,2.764705882352941,17,3.0705585116514333
2484,2.0,1,3.445916346780791
2485,3.0,334,3.0171659296935713
2486,1.7142857142857142,7,2.817945871446394
2487,2.0,5,3.0603386543059137
2488,3.859154929577465,71,3.82598863968628
2490,3.527216174183515,643,3.5281854208492933
2491,2.7127659574468086,94,2.79716422898643
2492,2.797979797979798,99,2.8706888056384283
2493,4.0,21,3.8679058004706035
2494,3.95,20,3.830169327152957
2495,3.625,88,3.6214804062713135
2496,3.357933579335793,271,3.3662102484504937
2497,2.8059701492537314,134,2.860451943156866
2498,2.30188679245283,106,2.412974825987834
2499,3.35,40,3.398101596291774
2500,2.610526315789474,95,2.703857902996083
2501,4.142212189616253,443,4.1300332887739275
2502,3.8030769230769232,650,3.7998561815372556
2503,4.666666666666667,9,4.100267358662563
2504,2.9191176470588234,136,2.9651032864012925
2505,2.871287128712871,202,2.9052126406348524
2506,3.4015748031496065,127,3.415365546091888
2507,3.1463414634146343,41,3.233432937540955
2509,2.9,10,3.2452539907294353
2510,3.6666666666666665,3,3.6080830626606692
2511,3.9402985074626864,67,3.89487116642323
2512,3.8125,16,3.727118454407258
2513,2.97265625,256,2.9958837587014613
2514,2.1739130434782608,92,2.3127949001430266
2515,1.8222222222222222,45,2.1437287239016127
2516,1.8571428571428572,35,2.24233510699086
2517,3.0575221238938055,226,3.0801062704007998
2518,3.532258064516129,248,3.5345158132348398
2519,3.272727272727273,77,3.309253790972284
2520,3.089041095890411,146,3.1211864090678763
2521,2.6578947368421053,76,2.766338137378938
2522,2.3714285714285714,70,2.523813497682359
2523,2.21875,32,2.545359043204493
2524,3.0,215,3.0262447991759496
2525,2.2913385826771653,127,2.3861684657999174
2526,2.4107142857142856,112,2.5074186870048254
2527,3.4338235294117645,544,3.436651768618391
2528,3.502901353965184,517,3.504563718813261
2529,3.696629213483146,979,3.6955561979925062
2530,2.9465408805031448,318,2.9661740238249656
2531,2.8533834586466167,266,2.8800908688934372
2532,2.8516129032258064,310,2.87470337442059
2533,3.0248138957816377,403,3.0385110891394396
2534,2.75,12,3.1320490824813048
2535,2.8585858585858586,99,2.9257346771980615
2536,1.8275862068965518,29,2.2796174311433
2537,1.9655172413793103,29,2.382181533707403
2538,3.6,5,3.593671987639247
2539,3.404166666666667,480,3.4079695506420173
2540,3.015267175572519,131,3.056064395848147
2541,3.1986301369863015,438,3.207377410300421
2542,3.908119658119658,468,3.901475062373616
2543,3.5,2,3.5754233178823918
2544,2.625,8,3.161393323032706
2545,2.6666666666666665,6,3.244067488411794
2546,2.9558823529411766,136,2.999349861743758
2548,2.2771084337349397,83,2.418334191554717
2549,2.2127659574468086,141,2.3040071510899915
2550,3.530201342281879,149,3.533994212670369
2551,3.30625,160,3.322971057732875
2552,2.1724137931034484,29,2.5360276875535566
2553,3.377659574468085,188,3.3884094940130742
2554,3.234782608695652,115,3.2632406385167094
2555,1.6796875,128,1.8181527522796284
2556,3.0,1,3.536825437689882
2557,4.0,3,3.6850061395837463
2558,2.7158469945355193,183,2.7611662166559
2559,2.4285714285714284,21,2.803389671438345
2560,3.0955882352941178,136,3.129486848045128
2561,3.0106382978723403,94,3.066394998217199
2562,3.3333333333333335,6,3.494067488411794
2563,3.0,1,3.536825437689882
2565,3.9337979094076654,287,3.922239325975046
2566,2.5625,32,2.8072638051092547
2567,3.2375,240,3.251620319258355
2568,2.0935672514619883,171,2.176271159196623
2569,4.166666666666667,6,3.806567488411794
2570,3.5375,80,3.5433897757176522
2571,4.316298342541437,2172,4.312972080574972
2572,3.4011194029850746,536,3.404588058268477
2573,3.323529411764706,34,3.3842063594224707
2574,2.64375,160,2.699441645968169
2575,4.053571428571429,112,4.015615408316301
2576,2.0,3,3.2234676780452847
2577,3.3043478260869565,23,3.391063024684506
2578,3.6666666666666665,3,3.6080830626606692
2579,2.0,2,3.3254233178823918
2580,3.875,584,3.870210572078432
2581,3.152263374485597,486,3.1610989512390897
2582,3.0784313725490198,51,3.162378357616208
2583,3.597560975609756,164,3.597155631118326
2584,3.0,1,3.536825437689882
2585,3.888888888888889,36,3.8240234742301893
2586,2.7333333333333334,15,3.0762031925835482
2587,2.950617283950617,81,3.0209349430174584
2589,2.813953488372093,43,2.9604732040488435
2590,3.0,31,3.144026336941188
2591,2.0,2,3.3254233178823918
2593,3.7586206896551726,29,3.715514867040736
2594,3.8125,32,3.759644757490207
2596,3.6018518518518516,108,3.600890506903294
2597,2.63265306122449,49,2.795001352789639
2598,3.016317016317016,429,3.029396537163072
2599,3.9382422802850354,1263,3.9355106675684124
2600,3.259493670886076,316,3.26964748409383
2602,2.0,1,3.445916346780791
2605,3.192733017377567,633,3.198919253210869
2606,2.7962962962962963,162,2.8424713942708646
2607,4.061224489795919,49,3.9814420307557405
2608,2.6666666666666665,3,3.377313831891439
2609,4.295454545454546,44,4.164908885455347
2610,3.838709677419355,31,3.7781726784046024
2611,3.8979591836734695,98,3.86949147976471
2612,4.074766355140187,107,4.033376750552041
2613,3.1048034934497815,229,3.1251258569648064
2614,1.9487179487179487,39,2.283777139073239
2615,3.0259740259740258,154,3.0603968281377356
2616,2.6694736842105264,475,2.688464082091935
2617,3.3428927680798006,802,3.345942216520429
2618,4.0,32,3.90250190034735
2619,3.0,1,3.536825437689882
2620,3.6818181818181817,22,3.653283744205897
2621,3.7551020408163267,49,3.7272047426201476
2622,3.364179104477612,335,3.3707393617814163
2623,2.75,4,3.3503628438991933
2624,4.10126582278481,79,4.043877301287513
2625,3.0784313725490198,51,3.162378357616208
2626,3.652173913043478,23,3.6334872671087486
2627,3.125,8,3.383615545254928
2628,3.4158780231335437,1902,3.416791359735664
2629,2.7719298245614037,114,2.8379441920531345
2630,3.6551724137931036,29,3.638591790117659
2631,2.0,2,3.3254233178823918
2632,3.75,8,3.661393323032706
2633,3.5934959349593494,123,3.593271276801419
2634,3.2533333333333334,75,3.2930009389951613
2635,3.0833333333333335,24,3.232502347487903
2636,2.3,10,2.945253990729435
2637,2.68,25,2.940145137559677
2638,2.7333333333333334,30,2.9476269953647174
2639,3.1404958677685952,121,3.174847937515944
2640,3.5204795204795203,1001,3.5211721857711065
2641,3.166902404526167,707,3.17281043209845
2642,2.3535108958837774,413,2.3827543258028103
2643,1.8888888888888888,261,1.9516792613084455
2644,3.8412698412698414,189,3.8286687427868777
2645,3.2976190476190474,84,3.32877744483605
2646,2.966666666666667,30,3.1226269953647177
2647,3.097560975609756,41,3.194217251266445
2648,3.9615384615384617,338,3.9508766661338752
2649,3.2982456140350878,57,3.341866862904309
2650,2.7777777777777777,27,2.9974345895834786
2651,3.1780821917808217,73,3.2277720459589
2652,3.0238095238095237,42,3.132789996434398
2653,2.888888888888889,36,3.0414147785780155
2654,3.787037037037037,108,3.770382032327023
2655,1.775,40,2.138101596291774
2656,2.8043478260869565,46,2.9447335681176554
2657,3.319617224880383,1045,3.3221849097768614
2658,3.2,10,3.3952539907294352
2659,3.1176470588235294,34,3.2251154503315616
2660,4.019230769230769,104,3.981623507145515
2661,3.4078947368421053,76,3.429128835053357
2662,3.8765690376569037,478,3.8707071307675998
2663,3.0434782608695654,46,3.141162139546227
2664,3.9288461538461537,520,3.9224624147445066
2665,3.457627118644068,59,3.476885214704184
2666,3.1739130434782608,23,3.300153933775415
2667,2.6666666666666665,48,2.8259496519756673
2668,2.5042735042735043,234,2.5487913107155276
2669,3.8297872340425534,94,3.8067796136018144
2670,4.0,189,3.979422511631099
2671,3.65993265993266,594,3.65878324472614
2672,3.188087774294671,319,3.200319391533704
2673,4.4,5,3.8603386543059135
2674,2.55,20,2.8968359938196233
2675,3.142857142857143,7,3.4061811655640413
2676,3.163551401869159,214,3.1826119634579855
2677,4.005649717514125,177,3.983449624676945
2678,2.9523809523809526,21,3.1582283811157645
2679,2.6666666666666665,3,3.377313831891439
2681,3.5172413793103448,29,3.5360276875535566
2682,4.05,60,3.984358283065553
2683,3.3746747614917605,1153,3.376530593133782
2685,2.6666666666666665,3,3.377313831891439
2686,3.9350348027842226,431,3.9272224032076837
2687,3.6284916201117317,358,3.627459456017904
2688,3.1625441696113072,566,3.1699740969003276
2689,3.3793103448275863,29,3.433463584989454
2690,3.6865203761755487,319,3.6836020663057405
2691,3.0625,16,3.2655799928687963
2692,4.227878787878788,825,4.220245604568369
2693,3.895424836601307,153,3.8767182810710965
2694,3.125776397515528,644,3.1328823850375977
2695,2.2,10,2.8952539907294352
2696,3.6666666666666665,63,3.6562339700628588
2697,3.6363636363636362,33,3.6256995305718305
2699,3.001713796058269,1167,3.006716295509421
2700,3.756398104265403,1055,3.7548404505301303
2701,2.107046070460705,738,2.1268784489499852
2702,3.1093247588424435,311,3.1243148903881264
2704,3.2758620689655173,29,3.356540508066377
2705,3.0,5,3.3936719876392467
2706,3.745222929936306,1099,3.743827844738133
2707,3.5405940594059406,505,3.5415632617759
2708,3.8666666666666667,30,3.7976269953647175
2709,3.161111111111111,180,3.183710946392572
2710,3.04648862512364,1011,3.0518169244021434
2711,3.5,26,3.525141105960797
2712,3.2103174603174605,756,3.2152807830477657
2713,2.5088235294117647,340,2.5397287994702533
2714,3.287878787878788,66,3.3276984186130094
2715,2.1538461538461537,13,2.778481731069074
2716,3.8958560523446017,1834,3.8942001517432696
2717,2.891891891891892,444,2.907279911485878
2718,3.10580204778157,293,3.121798943282471
2719,2.358974358974359,390,2.3897626995364716
2720,2.1308724832214767,298,2.1782632461512623
2721,4.031746031746032,63,3.971302463213544
2722,2.8920570264765786,491,2.905998163302572
2723,3.0058479532163744,684,3.01427244930056
2724,3.109375,512,3.118592106924499
2725,3.765625,64,3.7419605380349825
2726,4.216981132075472,106,4.162974825987834
2727,3.5714285714285716,28,3.5764494688049657
2728,4.057228915662651,332,4.043582104721019
2729,3.9194630872483223,149,3.8987740868842056
2730,3.5488721804511276,133,3.551783774927194
2731,4.373333333333333,150,4.324406748841179
2732,3.967479674796748,123,3.939135938455554
2733,2.409090909090909,44,2.6278718484183092
2734,3.3333333333333335,372,3.3400656539648916
2735,2.85978835978836,378,2.878621339728321
2736,3.3976608187134505,171,3.40831535809165
2737,3.0,19,3.2036234418823692
2738,3.46875,64,3.4852037812782255
2739,3.8213333333333335,375,3.8153378696482823
2740,2.533333333333333,15,2.956203192583548
2741,2.981132075471698,53,3.0778584097553763
2742,2.0,1,3.445916346780791
2743,3.3529411764705883,17,3.440928882021804
2744,3.6774193548387095,31,3.6562214588924076
2745,3.852272727272727,176,3.838199353841875
2746,3.342747111681643,779,3.3458873001452325
2747,3.301003344481605,299,3.310372426584429
2748,2.0683760683760686,117,2.1882289749180215
2749,3.2054794520547945,73,3.2518684315010686
2750,3.696969696969697,231,3.692552198400783
2751,2.8,45,2.943728723901613
2752,3.054421768707483,147,3.088567387354068
2753,3.4791666666666665,48,3.4983634450791157
2754,1.6666666666666667,9,2.679214727083616
2755,2.72,25,2.9687165661311057
2756,3.2,30,3.2976269953647175
2757,3.7927927927927927,111,3.776075039789989
2758,2.888888888888889,27,3.0785156706645593
2759,3.349544072948328,329,3.356652152845394
2760,3.6666666666666665,6,3.619067488411794
2761,4.026615969581749,526,4.018479626519754
2762,4.417490118577075,2024,4.413424326359189
2763,3.6589861751152073,868,3.6582062412466843
2764,3.6052631578947367,228,3.604643192498272
2765,2.6,5,3.2603386543059134
2766,3.4,20,3.46350266048629
2767,3.15,20,3.2968359938196232
2768,2.8333333333333335,6,3.306567488411794
2769,3.230769230769231,26,3.330696661516353
2770,3.2692828146143436,739,3.273571535132962
2771,2.9393939393939394,132,2.9852470409478076
2772,3.0476190476190474,189,3.0748998985657723
2773,2.7,10,3.1452539907294352
2774,3.5918367346938775,49,3.5916115222811644
2775,3.5714285714285716,7,3.5826517537993356
2776,3.769230769230769,13,3.6915252093299435
2777,2.25,4,3.20750570104205
2778,2.5789473684210527,19,2.927761372916852
2779,3.633093525179856,278,3.6316148604673213
2780,3.2388059701492535,67,3.2844815560336196
2781,3.156862745098039,51,3.2279521281080115
2782,3.528735632183908,87,3.5351039156143167
2783,2.4444444444444446,9,3.0476357797151947
2784,3.1578947368421053,57,3.222463877829682
2785,2.888888888888889,18,3.139467136235311
2786,2.4444444444444446,63,2.601439449514914
2787,2.872,125,2.925222813441398
2788,4.150943396226415,371,4.136233805287634
2789,2.9851851851851854,135,3.026931584928198
2790,2.673469387755102,49,2.8288996578743846
2791,3.961123110151188,1389,3.95847396698684
2792,2.9517241379310346,435,2.9660788310440194
2793,2.7777777777777777,207,2.8152307825557084
2794,2.9615384615384617,286,2.982787431806043
2795,3.8442437923250563,443,3.8386425602971053
2796,2.983050847457627,177,3.015535186174271
2797,3.8614754098360655,1220,3.859272422613487
2798,1.9140625,128,2.0355440566274545
2799,1.5063291139240507,79,1.7405065147706595
2800,2.7142857142857144,14,3.0793783256078626
2801,3.506849315068493,73,3.5169286724649242
2802,3.0652173913043477,276,3.0835841951559044
2803,3.287769784172662,278,3.2982815271339887
2804,4.255625562556256,1111,4.249692310271712
2805,2.83943661971831,355,2.8600139173002432
2806,2.7260273972602738,146,2.7814428193242864
2807,1.8157894736842106,76,2.0221520908673103
2808,2.4901315789473686,304,2.525175413422257
2809,2.1,10,2.845253990729435
2810,4.0344827586206895,29,3.920643072168941
2811,4.0,1,3.627734528598973
2812,3.2285714285714286,35,3.309001773657527
2813,3.88,25,3.7972879947025344
2814,2.5714285714285716,7,3.1708870479169824
2815,2.626126126126126,222,2.667694309545641
2816,1.865546218487395,119,1.9992641846092147
2817,1.588785046728972,107,1.7598724770477667
2818,1.5227272727272727,44,1.9056496261960871
2819,4.041509433962264,265,4.025109381143959
2820,3.7142857142857144,42,3.690482304126706
2821,2.0,2,3.3254233178823918
2822,3.1095238095238096,210,3.1313867264299486
2823,3.0,3,3.4542369088145155
2824,4.0,8,3.772504434143817
2825,3.0,2,3.4920899845490587
2826,3.158154859967051,607,3.1651622039134337
2827,2.488721804511278,266,2.5286415935311184
2828,2.074468085106383,94,2.2202411520633527
2829,2.9565217391304346,115,3.0072406385167096
2830,3.0,4,3.4217914153277644
2831,3.5,6,3.556567488411794
2833,3.6,5,3.593671987639247
2834,3.3636363636363638,11,3.471670467361367
2835,2.682926829268293,41,2.860883917933112
2836,3.2803030303030303,132,3.302148449398512
2837,3.3076923076923075,13,3.4306556441125524
2839,4.166666666666667,6,3.806567488411794
2840,2.895705521472393,326,2.9163841661148475
2841,3.594736842105263,380,3.5946284097809964
2842,3.4375,32,3.4739304717759216
2843,4.0,16,3.8425030697918734
2844,3.0754716981132075,53,3.157223489120456
2845,1.0,1,3.3550072558717003
2846,3.375,136,3.3897608206478678
2847,3.96,25,3.8544308518453914
2848,4.0,34,3.906933632149743
2849,2.6818181818181817,22,2.965783744205897
2850,2.8333333333333335,6,3.306567488411794
2851,2.5045045045045047,111,2.5942568579718075
2852,3.785185185185185,135,3.7717591711350944
2853,2.9166666666666665,24,3.1148552886643737
2854,2.4444444444444446,9,3.0476357797151947
2855,2.4285714285714284,7,3.112063518505218
2856,2.6901408450704225,71,2.801297281661589
2857,3.662721893491124,338,3.660646781076404
2858,4.32908339076499,2902,4.326547074112153
2859,4.218905472636816,201,4.189123601017009
2860,3.24468085106383,94,3.2779334597556606
2861,3.1157894736842104,285,3.1318816264901312
2862,2.6216216216216215,74,2.736965235887961
2863,3.8538283062645013,431,3.8478573238426046
2864,2.789473684210526,19,3.0656924073996104
2865,3.066666666666667,15,3.276203192583548
2866,3.660377358490566,159,3.6562430758259685
2867,3.453488372093023,258,3.4586010440842863
2868,2.3333333333333335,51,2.539427537944077
2869,1.0,1,3.3550072558717003
2870,3.607843137254902,153,3.606779630764348
2871,3.9596638655462186,595,3.9535621153960143
2872,3.8253968253968256,630,3.821726687210295
2873,2.7142857142857144,14,3.0793783256078626
2874,3.510204081632653,49,3.523814912111673
2875,3.2444444444444445,225,3.259170552402505
2876,2.806451612903226,31,2.9976848735265538
2877,2.9702380952380953,168,3.005084718059487
2878,2.206896551724138,29,2.561668713194582
2879,3.456,125,3.4659635541821388
2880,3.480769230769231,52,3.4984690292675595
2881,3.2288401253918497,638,3.234421419466958
2882,2.6736842105263157,95,2.76100076013894
2883,3.4925373134328357,201,3.497180473054923
2884,2.586206896551724,29,2.843719995245864
2885,3.3333333333333335,45,3.380092360265249
2886,2.259259259259259,27,2.6190562112051
2887,3.0,2,3.4920899845490587
2888,2.696629213483146,89,2.7869199981271584
2889,3.4260869565217393,230,3.4329378325607864
2890,3.7720403022670026,794,3.769782437580334
2891,3.4714285714285715,140,3.4793671987639248
2892,2.4285714285714284,7,3.112063518505218
2893,2.740740740740741,27,2.9704075625564514
2894,2.6,20,2.930169327152957
2895,3.0,1,3.536825437689882
2896,3.227272727272727,22,3.340783744205897
2897,2.933333333333333,15,3.196203192583548
2898,2.735632183908046,87,2.8237637094287495
2899,3.5463917525773194,97,3.5505147646223243
2900,2.6744186046511627,129,2.7403243152128685
2901,3.1690140845070425,284,3.1833506116142476
2902,2.4609929078014185,141,2.5357952305601903
2903,2.024390243902439,82,2.1946204327672687
2904,3.7857142857142856,14,3.7043783256078626
2905,4.58,50,4.415084663576478
2906,2.312820512820513,195,2.375146730802872
2907,2.4705882352941178,170,2.532805998969937
2908,4.042212518195051,687,4.035731821828677
2909,4.0,1,3.627734528598973
2911,3.0,4,3.4217914153277644
2912,3.6778711484593836,357,3.6754906806937018
2913,3.7777777777777777,9,3.679214727083616
2914,1.875,8,2.8280599896993723
2915,3.642857142857143,686,3.642104999733604
2916,3.678866587957497,1694,3.678348051534383
2917,4.019184652278177,417,4.009145385982643
2918,4.11402027027027,1184,4.109635745238349
2919,3.8898809523809526,336,3.8812285543774236
2920,4.24,75,4.163589174289279
2921,3.8801498127340825,267,3.869693428933533
2922,3.7416267942583734,209,3.734726391847437
2923,3.3333333333333335,12,3.4502309006631227
2924,3.909090909090909,99,3.879863117565034
2925,4.2272727272727275,44,4.109353329899791
2926,3.361185983827493,371,3.367204933896558
2927,4.073170731707317,82,4.020707389289008
2928,3.278688524590164,61,3.3226067579519536
2929,3.4310344827586206,174,3.4397015207314605
2930,4.666666666666667,3,3.8388522934299
2931,4.222222222222222,9,3.8897410428730894
2932,3.9186046511627906,86,3.884427914735299
2933,2.8,5,3.3270053209725803
2934,2.0,4,3.136077129613479
2935,4.203252032520325,123,4.157181051237509
2936,4.1,130,4.063607712961348
2937,4.325842696629214,89,4.251566462773623
2938,3.8333333333333335,24,3.7619141121937854
2939,3.5454545454545454,44,3.5537977743442353
2940,4.045454545454546,88,3.999031426679477
2941,3.610091743119266,218,3.6092328062043366
2942,3.103448275862069,290,3.1196835993819625
2943,3.732283464566929,127,3.721934889157582
2944,4.011744966442953,596,4.00479386108018
2945,2.782608695652174,23,3.0274266610481426
2946,3.7851239669421486,242,3.777401110375352
2947,3.952638700947226,739,3.9478038448792905
2948,3.8840579710144927,621,3.8794058317188407
2949,3.8935779816513763,545,3.888117260927187
2950,2.3333333333333335,288,2.3755204020623784
2951,3.979775280898876,445,3.9712199556364585
2952,3.773109243697479,119,3.758954107089835
2953,2.3992537313432836,268,2.4421046036495997
2955,2.0,4,3.136077129613479
2956,3.134453781512605,119,3.1698068202681293
2959,4.065486725663717,1130,4.061320245451394
2960,2.6666666666666665,3,3.377313831891439
2961,2.8125,224,2.845748204335849
2962,3.6666666666666665,6,3.619067488411794
2963,3.8333333333333335,6,3.681567488411794
2964,5.0,2,3.8254233178823918
2965,1.9454545454545455,55,2.198539689455211
2966,4.089171974522293,314,4.073781110538855
2967,3.7211538461538463,104,3.7096936825841116
2968,3.6805074971164937,867,3.6794812768695424
2969,3.8970588235294117,68,3.857757433520368
2970,3.9875,80,3.943389775717652
2971,3.8203125,256,3.811673232385672
2972,3.9019607843137254,51,3.850902947780143
2973,4.041095890410959,365,4.0290802128389025
2974,1.8727272727272728,55,2.137001227916749
2975,3.0,83,3.0634954818772977
2976,3.079295154185022,454,3.0903126720141993
2977,3.0303030303030303,33,3.1605832515020627
2978,2.75,72,2.8525009733486426
2979,2.2,20,2.66350266048629
2981,3.9166666666666665,12,3.768412718844941
2982,2.15625,32,2.4977399955854453
2983,3.985074626865672,67,3.933832205384269
2984,3.1666666666666665,6,3.431567488411794
2985,3.463582677165354,1016,3.4648197659011584
2986,2.3842239185750635,393,2.414156525594513
2987,3.681178834561286,1493,3.680575568738915
2988,3.659090909090909,88,3.6520926511692724
2989,3.4872521246458925,353,3.490096638607682
2990,3.2295081967213113,305,3.2409685073479
2991,3.5953757225433525,346,3.5952389882432265
2992,2.4444444444444446,27,2.754191346340235
2993,3.7147335423197494,319,3.7109576894060443
2994,3.25,8,3.4391711008104835
2995,2.281021897810219,274,2.327130562727425
2996,3.4343434343434343,99,3.4486704570145754
2997,4.14797261716693,1899,4.1450524252564644
2998,3.7142857142857144,7,3.6414752832111
2999,4.0,3,3.6850061395837463
3000,4.1761904761904765,210,4.149568544611767
3001,1.6666666666666667,3,3.146544601122208
3002,3.8518518518518516,27,3.7812183733672624
3003,2.8,5,3.3270053209725803
3004,2.4536082474226806,194,2.509338626542102
3005,3.3957528957528957,518,3.3994414390427816
3006,4.075208913649025,718,4.068550933811248
3007,4.026785714285714,224,4.008141366729012
3008,3.5641025641025643,39,3.5694914247875245
3010,3.772727272727273,22,3.715783744205897
3011,3.6416666666666666,120,3.637731383189144
3012,4.0,7,3.7591223420346296
3013,2.8392857142857144,56,2.9531072699180108
3014,2.875,40,3.018101596291774
3015,3.371900826446281,121,3.3885883955312113
3016,3.1716621253405997,367,3.1827720949989087
3017,2.552941176470588,85,2.662158734890407
3018,3.487562189054726,201,3.492441136562032
3019,3.898550724637681,345,3.8898734642664468
3020,3.494279176201373,437,3.496431945893934
3021,2.6333333333333333,30,2.8726269953647177
3022,4.387978142076503,183,4.346658444635175
3024,2.3615384615384616,130,2.4493219986756336
3025,3.1666666666666665,12,3.359321809754032
3026,1.5714285714285714,7,2.7591223420346296
3027,1.1666666666666667,6,2.681567488411794
3028,3.7339449541284404,109,3.7218914270133503
3029,3.2848837209302326,172,3.3016762627175202
3030,4.441860465116279,172,4.395082856124113
3031,2.27027027027027,37,2.5511719109486957
3032,3.4916201117318435,179,3.496852274151263
3033,3.2632293080054273,737,3.267610548613907
3034,3.7246376811594204,276,3.7199478315195407
3035,4.177650429799427,349,4.161295486948715
3036,3.282608695652174,138,3.3034127014499237
3037,4.070140280561122,499,4.060717249144575
3038,4.25,64,4.160879456953902
3039,3.8436578171091447,678,3.839978313683995
3040,3.2983870967741935,248,3.309709611684452
3041,1.7049180327868851,61,1.9704940818956156
3042,1.6226415094339623,53,1.9350012668982335
3043,1.7741935483870968,31,2.2171970686485047
3044,3.858627858627859,481,3.85316716866515
3045,3.064516129032258,93,3.115583299170764
3046,3.5694444444444446,72,3.572013168470594
3047,3.909090909090909,11,3.7573847530756526
3048,2.3870967741935485,62,2.5542372196470655
3049,3.2580645161290325,31,3.3391482881607
3050,2.909090909090909,11,3.233575229266129
3051,2.9421487603305785,121,2.9916418306457153
3052,3.7313624678663238,778,3.7295749743839957
3053,3.04029304029304,273,3.059735264362504
3054,1.9714285714285715,105,2.1122180853442494
3055,3.2857142857142856,63,3.3274668467751876
3056,4.0,2,3.6587566512157252
3057,4.0,1,3.627734528598973
3058,2.2,10,2.8952539907294352
3060,3.849462365591398,465,3.8440106943465024
3061,3.866359447004608,217,3.854207400064267
3062,3.986348122866894,293,3.9732840917973222
3063,2.7476635514018692,107,2.8197015368768263
3064,2.4081632653061225,49,2.6085606748235373
3065,4.0,1,3.627734528598973
3066,3.670967741935484,155,3.666091392815689
3067,3.8532423208191124,293,3.8445712205101934
3068,3.8471760797342194,301,3.838923086220542
3069,3.840909090909091,44,3.794538515084976
3070,3.4045368620037806,529,3.407987161066027
3071,3.736220472440945,254,3.730701059903745
3072,3.7932752179327522,803,3.790781155983504
3073,3.2142857142857144,28,3.3132915740681237
3074,3.791208791208791,182,3.7807556240343163
3075,4.053571428571429,56,3.983410300221041
3076,3.72972972972973,74,3.713155712078437
3077,4.2,65,4.11873439752785
3078,3.6495726495726495,117,3.644921888303848
3079,3.830188679245283,106,3.8095265501257645
3081,3.5271493212669682,884,3.5278580311125154
3082,3.36742934051144,743,3.37039187226373
3083,4.142394822006472,309,4.125094294089619
3084,3.5,2,3.5754233178823918
3085,2.5,2,3.4087566512157252
3086,3.5606060606060606,66,3.564540523876167
3087,3.4611650485436893,412,3.4642300469540013
3088,4.083333333333333,276,4.0661016776733865
3089,4.402985074626866,201,4.364479051253975
3090,4.0928571428571425,140,4.059367198763924
3091,4.32258064516129,124,4.267948356825289
3092,3.823529411764706,17,3.7372251783181003
3093,3.7241379310344827,174,3.7168754337749386
3094,3.8620689655172415,87,3.834072987779265
3095,4.171428571428572,420,4.1579187902664865
3096,3.973684210526316,76,3.929128835053357
3097,4.067073170731708,164,4.039684366750509
3098,3.7990074441687347,403,3.7939590310280598
3099,3.2622222222222224,225,3.27619182899825
3100,3.7751605995717346,467,3.7712894755022823
3101,3.6831831831831834,666,3.6818122482464326
3102,3.642512077294686,207,3.6401155751824366
3103,2.98,50,3.081751330243145
3104,3.8528951486697967,639,3.8488522031041428
3105,3.783938814531549,523,3.780309718226245
3106,3.3684210526315788,19,3.4450027522271967
3107,3.4372294372294374,693,3.439409786364991
3108,3.628056628056628,777,3.6275795169181557
3109,3.2115384615384617,52,3.2726625776546565
3110,3.25,24,3.3501494063114325
3111,3.6863905325443787,169,3.68103396544463
3112,3.3275862068965516,58,3.3662511737439513
3113,2.629787234042553,470,2.6498022496137263
3114,4.225755166931638,1258,4.220745331084061
3115,3.0294117647058822,68,3.1013471771101115
3116,2.875,8,3.272504434143817
3117,3.375,56,3.4076527244634653
3118,3.52,50,3.531751330243145
3119,1.0,1,3.3550072558717003
3120,2.952830188679245,106,3.00780241219473
3121,3.5454545454545454,11,3.566908562599462
3122,3.423076923076923,26,3.4695855504052417
3123,1.0,3,2.9926984472760543
3124,3.5,24,3.5266199945467265
3125,3.5521472392638036,163,3.554364623205715
3126,4.0,1,3.627734528598973
3127,3.236842105263158,38,3.310522496137265
3128,3.4242424242424243,33,3.4629088328974116
3129,3.65,220,3.647413390498212
3130,2.3711340206185567,97,2.485094203874661
3131,3.0,1,3.536825437689882
3132,3.7333333333333334,30,3.6976269953647174
3133,3.727272727272727,33,3.6954669724322953
3134,4.411764705882353,136,4.355514245305402
3135,3.9423076923076925,156,3.9211149386421007
3136,2.5,2,3.4087566512157252
3137,3.769230769230769,13,3.6915252093299435
3138,3.142857142857143,49,3.218730166348961
3139,3.1538461538461537,13,3.343699122373422
3140,4.25,4,3.7789342724706216
3141,3.022222222222222,45,3.1255469057197947
3142,3.2803738317757007,107,3.3068810240563136
3143,3.5714285714285716,28,3.5764494688049657
3144,3.275,40,3.338101596291774
3145,3.353233830845771,201,3.364479051253975
3146,2.760956175298805,251,2.7927397694045544
3147,4.1736896197327855,973,4.167756947929389
3148,3.972375690607735,543,3.965470307078822
3149,2.2857142857142856,7,3.053239989093453
3150,3.75,36,3.715327822056276
3151,2.0,1,3.445916346780791
3152,3.989655172413793,290,3.9763502660486285
3153,3.6161137440758293,211,3.614955112283207
3154,3.25,4,3.493219986756336
3155,3.4070796460176993,226,3.414852033112664
3156,2.8666666666666667,315,2.8889387071218113
3157,3.180246913580247,405,3.1901327224447917
3158,3.6486486486486487,37,3.636278293927419
3159,3.838187702265372,309,3.8304234476946353
3160,3.8945054945054944,910,3.8912011737115093
3161,3.5,12,3.541139991572214
3162,2.2857142857142856,14,2.8293783256078626
3163,3.7103174603174605,252,3.7057445794449952
3164,4.0,1,3.627734528598973
3165,2.642857142857143,56,2.786440603251344
3166,1.2,5,2.793671987639247
3167,3.6030534351145036,131,3.6021636866282885
3168,3.805699481865285,386,3.800265353067143
3169,3.5297029702970297,202,3.53257113120089
3171,3.8947368421052633,19,3.789830338434093
3172,5.0,1,3.718643619508064
3173,3.168,375,3.1789742332846456
3174,3.473611111111111,720,3.4752124381021763
3175,3.7666900913562897,1423,3.765460627923649
3176,3.4927007299270074,1096,3.493585063123498
3177,2.6370967741935485,124,2.7082468642879753
3178,3.8380462724935733,389,3.8318423052997206
3179,3.36,175,3.372459890889669
3180,2.1639344262295084,61,2.364860279078714
3181,3.6372549019607843,102,3.6330810697731133
3182,4.0,85,3.9568955769956706
3183,3.484848484848485,33,3.5094204608043884
3184,4.0,1,3.627734528598973
3185,3.4027777777777777,288,3.409077449042244
3186,3.459537572254335,346,3.463216516333114
3187,2.0,1,3.445916346780791
3188,3.6666666666666665,33,3.648955344525319
3189,3.6333333333333333,210,3.6313867264299486
3190,2.125984251968504,127,2.232883794267071
3192,4.0,11,3.8050038006947
3194,3.3160919540229883,174,3.3310058685575474
3196,4.246153846153846,325,4.226582327804742
3197,3.2824074074074074,216,3.2960401761707465
3198,4.059760956175299,251,4.041781914998424
3199,3.3492063492063493,63,3.382261367323133
3200,3.8345323741007196,139,3.818154898084488
3201,3.92831541218638,279,3.9166265737529016
3202,1.0,1,3.3550072558717003
3203,3.6893939393939394,396,3.6869583246664743
3204,3.6666666666666665,168,3.662388088846004
3205,1.0,2,3.1587566512157252
3206,3.247863247863248,117,3.274843148146368
3207,3.6666666666666665,3,3.6080830626606692
3208,2.728110599078341,217,2.7661016731920207
3209,1.0,1,3.3550072558717003
3210,3.8475274725274726,728,3.8440448235970037
3211,3.5576923076923075,52,3.562985158299818
3212,3.0,1,3.536825437689882
3213,3.5813953488372094,172,3.5818960429373004
3214,3.3780487804878048,82,3.4011421718977033
3215,3.111111111111111,9,3.3634252533994053
3216,3.3333333333333335,3,3.5311599857375926
3217,3.3783783783783785,74,3.4036319025546273
3218,3.206896551724138,29,3.3052584567843257
3219,3.2320441988950277,362,3.2416803220822272
3220,2.0,1,3.445916346780791
3221,3.4210526315789473,19,3.479485510847886
3222,4.2272727272727275,22,4.028283744205897
3223,3.375,24,3.4383847004290793
3224,4.028985507246377,69,3.973482022969477
3225,2.792682926829268,82,2.8794030414629206
3228,1.0,1,3.3550072558717003
3230,3.6875,64,3.674392970467415
3232,4.666666666666667,3,3.8388522934299
3233,5.0,2,3.8254233178823918
3235,2.8679245283018866,53,2.982620314517281
3236,3.5,2,3.5754233178823918
3237,1.0,1,3.3550072558717003
3238,2.1534883720930234,215,2.217355910287061
3239,2.4642857142857144,28,2.7606599951207555
3240,3.5,18,3.5323242790924536
3241,3.764705882352941,34,3.7251154503315616
3242,3.6666666666666665,3,3.6080830626606692
3243,2.4688995215311005,209,2.5201145197013184
3244,3.698473282442748,262,3.694503969906576
3246,3.8844086021505375,372,3.8767148686245774
3247,3.143418467583497,509,3.1520329090839856
3248,2.4935064935064934,154,2.560396828137736
3249,3.1814671814671813,259,3.1966731591620396
3250,3.3767123287671232,292,3.3837916550151945
3251,3.3508771929824563,228,3.360945713506675
3252,3.7369614512471654,441,3.733714145930352
3253,3.5902383654937573,881,3.5902413914866314
3254,2.8421052631578947,323,2.864579819263029
3255,3.6753100338218716,887,3.674364637474458
3256,3.7528604118993134,874,3.7510238459441045
3257,2.857142857142857,497,2.8716076524942578
3258,2.7718631178707223,263,2.801850109210948
3259,3.3483870967741933,310,3.355953374420589
3260,3.7432432432432434,370,3.7392238942489175
3261,3.4971264367816093,348,3.4997348598172864
3262,3.030534351145038,131,3.070248793011267
3263,3.20508166969147,551,3.2119520139297477
3264,3.1051344743276283,409,3.1167185675765836
3265,4.181481481481481,270,4.160375285052102
3266,3.756521739130435,115,3.7432406385167094
3267,3.6435897435897435,390,3.6422626995364715
3268,1.7464788732394365,142,1.8677965777275574
3269,3.2140992167101827,383,3.223677047874271
3270,3.2896551724137932,145,3.309065031061863
3271,3.860557768924303,251,3.8502110337723705
3272,3.2,135,3.226931584928198
3273,2.7650862068965516,464,2.782500168385208
3274,3.104815864022663,353,3.1181958121614013
3275,3.6226415094339623,53,3.617540949437916
3276,2.6666666666666665,36,2.8675017350997543
3277,4.0,1,3.627734528598973
3281,4.057142857142857,35,3.953446218101971
3282,3.5714285714285716,7,3.5826517537993356
3283,3.5,14,3.537711658941196
3284,3.6842105263157894,38,3.6646891628039313
3285,2.7045454545454546,308,2.732405911366631
3286,2.140845070422535,71,2.3198158001801072
3287,2.66,100,2.744591634678079
3288,3.6666666666666665,3,3.6080830626606692
3289,3.925,40,3.858101596291774
3290,3.0,1,3.536825437689882
3292,3.5,2,3.5754233178823918
3293,3.25,4,3.493219986756336
3294,2.5,2,3.4087566512157252
3295,4.0,1,3.627734528598973
3296,3.7880794701986753,151,3.7758079491589362
3297,2.0,1,3.445916346780791
3298,3.4654377880184333,434,3.4682546842670914
3299,2.2748091603053435,131,2.3681211334367993
3300,3.32987012987013,385,3.3364685564926293
3301,3.4192825112107625,446,3.423037455733747
3302,3.3055555555555554,36,3.3675017350997543
3303,3.0,4,3.4217914153277644
3304,3.5609756097560976,41,3.566766270874288
3305,4.0,2,3.6587566512157252
3306,4.388888888888889,18,4.103752850521025
3307,4.422413793103448,232,4.388037519894994
3308,3.160337552742616,237,3.1777533595732335
3309,3.8947368421052633,19,3.789830338434093
3310,3.823529411764706,51,3.7853291772883395
3311,3.8333333333333335,30,3.7726269953647176
3312,1.0,1,3.3550072558717003
3313,2.1875,16,2.727118454407258
3314,1.0,1,3.3550072558717003
3316,2.822429906542056,214,2.8567191063151283
3317,3.9648241206030153,199,3.9469142574860703
3318,3.3,30,3.3726269953647177
3319,3.15,20,3.2968359938196232
3320,3.8636363636363638,22,3.778283744205897
3322,2.75,4,3.3503628438991933
3323,3.0,1,3.536825437689882
3324,2.7364864864864864,148,2.790538479839169
3325,2.3162393162393164,117,2.4165754316109345
3326,2.8984375,128,2.948587534888324
3327,3.4270833333333335,96,3.4425007529678178
3328,3.872549019607843,204,3.8593695318438725
3329,4.052631578947368,19,3.893278614296162
3330,3.6666666666666665,81,3.6582975803800957
3331,2.5652173913043477,23,2.875911509532991
3333,3.466666666666667,15,3.516203192583548
3334,4.096354166666667,384,4.083515431001494
3335,2.9,10,3.2452539907294353
3337,3.0,1,3.536825437689882
3338,4.368421052631579,19,4.1001751660203
3339,3.763157894736842,38,3.7271891628039313
3340,2.847457627118644,59,2.9551460842694013
3341,4.0272108843537415,147,3.9993954128317752
3342,3.855614973262032,187,3.842157765556288
3343,2.4,35,2.6645573292130824
3344,2.7777777777777777,18,3.068038564806739
3345,3.125,16,3.3040415313303346
3346,3.25,4,3.493219986756336
3347,3.936046511627907,172,3.9170608781021357
3349,3.4347826086956523,23,3.481972115593597
3350,3.9107142857142856,112,3.8844678673326944
3351,3.0833333333333335,12,3.3138672642994864
3352,2.5,2,3.4087566512157252
3353,4.0,1,3.627734528598973
3354,2.606907894736842,608,2.622823753745289
3355,2.8893805309734515,226,2.9190893212482574
3357,3.791044776119403,67,3.7650010365531
3358,3.6686217008797652,341,3.6663962387880016
3359,4.0958230958230954,407,4.083705227373114
3360,3.9192139737991267,458,3.9121903414841634
3361,3.8318284424379234,886,3.829135133721639
3362,3.968503937007874,635,3.9626435345962614
3363,4.04014598540146,822,4.034741682469457
3364,3.907563025210084,119,3.882985114841773
3365,4.13265306122449,196,4.106335338905771
3366,3.828326180257511,233,3.818539423105303
3367,3.4054054054054053,37,3.4447889322252916
3368,3.690909090909091,55,3.675462766378288
3370,3.4266666666666667,75,3.4459421154657495
3371,3.725,40,3.698101596291774
3372,3.5531914893617023,47,3.559738242361205
3373,2.6666666666666665,3,3.377313831891439
3374,2.8181818181818183,11,3.185956181647081
3375,3.3518518518518516,54,3.3891418721029485
3376,1.0,1,3.3550072558717003
3377,3.0,1,3.536825437689882
3378,3.25,4,3.493219986756336
3379,3.8860759493670884,79,3.8528660653324573
3380,2.5,2,3.4087566512157252
3381,3.5,2,3.5754233178823918
3382,5.0,1,3.718643619508064
3384,3.7918367346938777,245,3.783941489468975
3385,2.5575221238938055,113,2.6415047139397454
3386,3.7242524916943522,602,3.7220671238800467
3387,2.717391304347826,138,2.7763856744228965
3388,2.7149122807017543,228,2.7517020160276835
3389,2.7241379310344827,29,2.9462840978099667
3390,1.8095238095238095,21,2.384034832728668
3391,2.2658227848101267,79,2.414663818141446
3392,1.9421487603305785,121,2.0679777085083106
3393,2.119047619047619,42,2.4020207656651675
3394,2.6745562130177514,169,2.7257267028747973
3395,2.869565217391304,46,2.998304996689084
3396,3.819277108433735,581,3.815406226420624
3397,3.7664233576642334,274,3.7602291542767206
3398,3.5161290322580645,248,3.5190119372658475
3399,3.1594202898550723,69,3.213988352083401
3400,2.4347826086956523,23,2.7850024186239
3401,2.108695652173913,92,2.2539713707312616
3402,3.3636363636363638,22,3.434533744205897
3403,2.652173913043478,23,2.936517570139052
3404,3.4814814814814814,189,3.48696020007331
3405,3.875,120,3.853115998573759
3406,3.746987951807229,83,3.7301621485439647
3407,1.6666666666666667,3,3.146544601122208
3408,3.899476439790576,955,3.896274694108382
3409,3.2745664739884393,346,3.2834412354342377
3410,4.4,5,3.8603386543059135
3412,3.3716216216216215,148,3.3854751886999286
3413,4.0,1,3.627734528598973
3414,3.282051282051282,39,3.345001628869157
3415,3.9285714285714284,14,3.787711658941196
3416,3.8780487804878048,41,3.821668231658602
3417,3.6307692307692307,65,3.625401064194516
3418,3.6860759493670887,1185,3.685276217418066
3419,3.1818181818181817,11,3.3764323721232716
3420,3.6875,160,3.6817945871446396
3421,4.056451612903226,992,4.051801476860867
3422,3.3502824858757063,177,3.3631287690619716
3423,2.9473684210526314,57,3.0433594002177418
3424,3.8510301109350236,631,3.8469658031428837
3425,3.232142857142857,56,3.286440603251344
3426,3.1714285714285713,175,3.1940815125112905
3427,3.409090909090909,66,3.432961576507746
3428,2.86,50,2.981751330243145
3429,4.378504672897196,214,4.343326249172271
3430,3.3617021276595747,188,3.373257978861559
3431,2.75,72,2.8525009733486426
3432,2.3620689655172415,58,2.5427217619792457
3433,2.2,40,2.478101596291774
3434,2.21875,32,2.545359043204493
3435,4.431718061674009,454,4.413588534083165
3436,2.8369565217391304,92,2.910834115829301
3437,1.8888888888888888,9,2.7844778849783527
3438,2.657210401891253,423,2.6787646185094425
3439,2.118811881188119,202,2.188231508559381
3440,1.8874172185430464,151,1.9931992535067622
3441,3.296954314720812,394,3.3042204945905658
3442,2.3823529411764706,34,2.656933632149743
3443,3.8,5,3.6603386543059133
3444,3.2458100558659218,179,3.26404804134703
3445,3.2125984251968505,127,3.2401830643400635
3446,3.466666666666667,30,3.4976269953647177
3447,3.783333333333333,60,3.7557868544941244
3448,3.735632183908046,870,3.7339830452438507
3449,2.9285714285714284,28,3.1027652582786502
3450,3.4,670,3.4028015879626303
3451,3.907749077490775,271,3.896459358770778
3452,3.2049180327868854,244,3.2200987394275145
3453,2.5,58,2.660368820802775
3454,2.8846153846153846,26,3.080696661516353
3456,4.0,44,3.9241681447146055
3457,2.8383838383838382,99,2.9073860533448506
3458,3.0,1,3.536825437689882
3459,2.719298245614035,57,2.849329549471473
3460,1.0,1,3.3550072558717003
3461,3.670138888888889,288,3.66746671078721
3462,4.233463035019455,257,4.209382321402954
3463,1.7777777777777777,9,2.7318463060309846
3464,2.3684210526315788,19,2.789830338434093
3465,2.875,16,3.150195377484181
3466,3.4858757062146895,177,3.4914710150512764
3467,4.034188034188034,234,4.016004425469625
3468,4.272471910112359,356,4.253839015886854
3469,4.3,210,4.267750362793585
3470,4.232876712328767,73,4.155482889332394
3471,4.0,1190,3.9965875665121575
3472,1.75,4,3.0646485581849072
3473,3.3333333333333335,18,3.4251814219495964
3474,3.0,12,3.268412718844941
3475,3.972972972972973,111,3.9413642959883366
3476,3.5839285714285714,560,3.5840439996747167
3477,3.051643192488263,213,3.0758075328008463
3478,3.2903225806451615,217,3.3035466071127257
3479,3.684563758389262,447,3.6825056451085088
3480,3.6206896551724137,116,3.6182942842427677
3481,3.927072927072927,1001,3.923743896948159
3482,3.0,1,3.536825437689882
3483,2.9263157894736844,95,2.9895721887103686
3484,2.715025906735751,193,2.7581531025349197
3485,1.5,2,3.2420899845490587
3486,3.1,10,3.345253990729435
3487,3.721311475409836,61,3.7028884480927986
3488,2.0526315789473686,19,2.582933786709955
3489,3.0324786324786324,585,3.0418572769993086
3490,2.6923076923076925,13,3.0828295571560305
3491,2.933333333333333,60,3.0272154259226958
3492,3.7,10,3.6452539907294352
3493,1.0,2,3.1587566512157252
3494,3.765342960288809,277,3.759251149179751
3495,3.6666666666666665,9,3.6265831481362474
3496,3.1914893617021276,47,3.2614926283261174
3497,3.0789473684210527,76,3.1384311606347524
3498,3.995594713656388,227,3.978502446475058
3499,3.810055865921788,716,3.8070317903782214
3500,2.6666666666666665,132,2.7317259141872445
3501,3.5560344827586206,232,3.5574590074983004
3502,3.3962264150943398,53,3.4270647589617256
3503,3.4017094017094016,117,3.4165754316109345
3504,4.017574692442882,569,4.010198756156457
3505,3.8480565371024733,283,3.8392664840088346
3506,3.3260869565217392,138,3.343953241990464
3507,4.023809523809524,294,4.00955618360062
3508,4.029605263157895,304,4.015621273294868
3509,2.721311475409836,61,2.8437335185153336
3510,3.736940298507463,536,3.734258387938807
3511,2.74468085106383,47,2.8930715756945387
3512,3.7620689655172415,290,3.7563502660486288
3513,3.385135135135135,296,3.391846666060747
3514,3.074074074074074,27,3.213650805799695
3515,3.0991735537190084,121,3.1366799985846465
3516,3.7743589743589743,195,3.7653906332418963
3517,4.5,2,3.7420899845490587
3518,2.8947368421052633,38,3.0396891628039313
3519,3.3473053892215567,167,3.3610456486699927
3520,2.4,25,2.740145137559677
3521,3.8917197452229297,157,3.8736831126622078
3522,5.0,1,3.718643619508064
3523,3.142857142857143,7,3.4061811655640413
3524,3.4613636363636364,440,3.464233510699086
3525,3.191780821917808,292,3.2049837079953267
3526,3.7450076804915513,651,3.7426703174199525
3527,3.680648236415634,1049,3.6797970536492812
3528,3.1204819277108435,249,3.138629651793779
3529,3.4705882352941178,136,3.478801916538279
3530,4.0,1,3.627734528598973
3531,3.0434782608695654,23,3.2092448428663243
3532,3.9375,16,3.8040415313303346
3533,3.2857142857142856,7,3.465004694975806
3534,3.0576923076923075,364,3.0719387160817875
3535,3.188679245283019,477,3.1969303486952536
3536,3.8415841584158414,303,3.8335625553181742
3537,3.25,16,3.3809646082534117
3538,3.6178861788617884,123,3.6158276677788623
3539,3.782608695652174,23,3.7243963580178394
3540,2.75,16,3.073272300561104
3542,4.0,1,3.627734528598973
3543,3.9411764705882355,714,3.9363329831693212
3544,2.8902439024390243,82,2.966359563202051
3545,3.925531914893617,376,3.916852538379763
3546,3.6818181818181817,176,3.6769090312612294
3547,3.8333333333333335,60,3.798643997351267
3548,3.830275229357798,218,3.81975912199381
3549,3.792270531400966,207,3.7829727180395794
3550,3.4685314685314683,143,3.476503789637834
3551,3.9242902208201893,317,3.9140828128886502
3552,3.8725247524752477,808,3.869077114687761
3553,2.7674418604651163,43,2.9227373549922397
3554,3.257575757575758,66,3.301382629139325
3555,3.5555555555555554,657,3.556079579931917
3556,3.6778523489932886,149,3.672358992544583
3557,2.879120879120879,91,2.949555245688997
3559,3.740740740740741,27,3.7001372922861813
3562,3.25,16,3.3809646082534117
3563,1.6666666666666667,6,2.869067488411794
3564,1.6813186813186813,91,1.8703473248969178
3565,3.2588832487309647,197,3.2749037672202355
3566,3.3640552995391704,217,3.3740311886105228
3567,3.4347826086956523,23,3.481972115593597
3568,3.7142857142857144,14,3.662711658941196
3569,3.28,25,3.3687165661311056
3570,3.857142857142857,7,3.700298812622865
3571,3.4155844155844157,77,3.4356905725814793
3572,1.7246376811594204,69,1.960823795121376
3573,1.3636363636363635,22,2.059533744205897
3574,1.0625,16,2.0348107620995655
3575,3.0,2,3.4920899845490587
3576,3.6625,240,3.6596203192583547
3577,2.7083333333333335,48,2.860432410596357
3578,4.172149961744453,1307,4.167733545796954
3579,2.392156862745098,51,2.5886078658129295
3580,3.1904761904761907,21,3.3195187036964096
3581,2.375,8,3.0502822119215947
3584,2.705357142857143,112,2.777910490283514
3585,3.823529411764706,17,3.7372251783181003
3586,3.2083333333333335,24,3.3207376416055503
3587,3.0,26,3.1640299948496864
3588,3.380952380952381,42,3.4212515348959367
3590,2.9027777777777777,72,2.9866473148120574
3591,3.4150197628458496,506,3.4184206973150943
3592,2.4285714285714284,7,3.112063518505218
3593,1.6140350877192982,228,1.697080167288188
3594,3.2601626016260163,123,3.2850006001096896
3595,3.3333333333333335,3,3.5311599857375926
3596,2.5681818181818183,44,2.757501478047939
3597,2.5,12,2.9956854461176685
3598,3.5725806451612905,124,3.57391850607902
3599,3.630952380952381,84,3.626649785261582
3600,2.8350515463917527,97,2.905654951538212
3601,4.0,1,3.627734528598973
3602,2.933333333333333,45,3.052819632992522
3603,3.3333333333333335,3,3.5311599857375926
3604,3.696078431372549,102,3.686652498344542
3605,3.0625,48,3.153535858872219
3606,3.9645390070921986,141,3.9397687404939647
3607,5.0,1,3.718643619508064
3608,3.4101123595505616,712,3.4126109138706213
3609,4.0,4,3.70750570104205
3610,2.566666666666667,30,2.8226269953647174
3611,3.1818181818181817,11,3.3764323721232716
3612,3.5454545454545454,22,3.559533744205897
3613,3.769230769230769,78,3.7489213615294172
3614,3.240990990990991,444,3.248689603115834
3615,3.250936329588015,267,3.263195233987685
3616,2.4210526315789473,76,2.557035811797543
3617,3.3801652892561984,242,3.388512221486463
3618,3.4225352112676055,213,3.430067622486945
3619,3.3902439024390243,82,3.4120117371150944
3620,2.902439024390244,41,3.037354506168406
3621,1.6666666666666667,3,3.146544601122208
3622,3.824324324324324,74,3.79648904541177
3623,3.225324027916251,1003,3.2289290027784685
3624,3.675170068027211,588,3.6737543140712186
3625,3.5555555555555554,9,3.5739515691888792
3626,2.3947368421052633,38,2.643855829470598
3627,3.597560975609756,82,3.5967943458107468
3628,3.4395604395604398,91,3.454505740738502
3629,4.1645021645021645,231,4.140684978483771
3631,2.0,1,3.445916346780791
3632,3.676470588235294,34,3.656933632149743
3633,3.4878048780487805,287,3.4912628949986146
3634,4.304347826086956,138,4.2561154041526255
3635,3.595959595959596,396,3.595825319740366
3636,2.875,8,3.272504434143817
3637,3.9411764705882355,17,3.8112992523921743
3638,3.186219739292365,537,3.193610749204001
3639,3.6395663956639566,369,3.6382719784026083
3640,3.4,10,3.4952539907294353
3641,3.0,7,3.3473576361522768
3642,3.3636363636363638,11,3.471670467361367
3643,3.489130434782609,92,3.499069409946948
3644,3.3529411764705883,17,3.440928882021804
3645,3.6153846153846154,13,3.604568687590813
3646,2.533333333333333,90,2.639050798145887
3647,4.0,1,3.627734528598973
3648,2.625,8,3.161393323032706
3649,3.203252032520325,246,3.218379218025737
3651,1.0,1,3.3550072558717003
3652,3.25,4,3.493219986756336
3653,3.8515625,128,3.832645505902817
3654,3.9760765550239237,418,3.9670679434920295
3655,3.8292682926829267,41,3.7824525453840923
3656,5.0,1,3.718643619508064
3657,3.6666666666666665,6,3.619067488411794
3658,3.711864406779661,59,3.69427651905201
3659,3.264705882352941,34,3.338751813967925
3660,2.910569105691057,123,2.961692329432998
3661,2.2142857142857144,70,2.386313497682359
3662,2.066666666666667,75,2.2459421154657497
3663,1.9583333333333333,48,2.239742755423943
3664,1.673913043478261,46,2.016162139546227
3665,1.7391304347826086,23,2.300153933775415
3666,1.75,4,3.0646485581849072
3667,1.9,30,2.3226269953647174
3668,3.9185185185185185,270,3.9068038564806735
3669,2.3962264150943398,53,2.585794917691884
3670,3.764705882352941,17,3.700188141281063
3671,4.070796460176991,904,4.065541662816837
3672,2.9672131147540983,122,3.014432422837793
3673,2.25,28,2.6027652582786502
3674,2.55,40,2.758101596291774
3675,3.825641025641026,195,3.8141711210467744
3676,3.45679012345679,162,3.4645644175266783
3677,3.84375,32,3.783454281299731
3678,3.8513513513513513,74,3.8202985692212943
3679,4.309523809523809,42,4.171251534895936
3680,4.027027027027027,37,3.9341506343529513
3681,3.913978494623656,279,3.902785743303075
3682,3.6904761904761907,168,3.6848599989583635
3683,4.231683168316832,505,4.2192331646885215
3684,3.3449477351916377,287,3.353215756951477
3685,3.590497737556561,442,3.5904979641915675
3686,3.298780487804878,328,3.307411478741386
3687,2.0,1,3.445916346780791
3688,2.8215613382899627,269,2.849122149873078
3689,2.009433962264151,106,2.1457334466774887
3690,1.9595959595959596,99,2.109220915730172
3691,2.5588235294117645,34,2.7932972685133794
3692,2.3469387755102042,49,2.5577132171964188
3693,2.736842105263158,152,2.7895375297196834
3694,1.8518518518518519,54,2.1235168721029485
3695,1.8125,48,2.1190531002515294
3696,2.4615384615384617,52,2.6436303195901405
3697,2.8835489833641406,541,2.89637945519889
3698,3.187192118226601,609,3.193707721832938
3699,3.466573816155989,718,3.4682762085365226
3700,3.519607843137255,204,3.5229209337130314
3701,3.234042553191489,423,3.2422750111191423
3702,3.654748603351955,895,3.654038762226065
3703,3.683720930232558,860,3.682649517028263
3704,3.179831932773109,595,3.186619966635684
3705,2.587859424920128,313,2.6189011758965592
3706,3.3848238482384825,369,3.390250870223189
3707,3.129353233830846,201,3.15120890907388
3708,2.963963963963964,222,2.9909701716146064
3709,2.4,85,2.5253166296272496
3710,2.2662337662337664,154,2.3469821939913946
3711,3.074074074074074,27,3.213650805799695
3712,3.2794117647058822,272,3.290443545441804
3713,3.6507936507936507,63,3.642535339925873
3714,3.0892857142857144,56,3.1652284820392227
3715,2.513888888888889,72,2.645183900177911
3716,2.4285714285714284,56,2.604622421433162
3717,2.994459833795014,361,3.0105258216026645
3718,3.1842105263157894,38,3.268855829470598
3719,2.8518518518518516,27,3.0514886436375326
3720,3.6363636363636362,55,3.6293089202244415
3721,2.888888888888889,9,3.2581620955046686
3723,3.7163461538461537,208,3.7105737606173794
3724,3.74375,160,3.7347357636152276
3725,3.129032258064516,93,3.17383572635523
3726,3.576923076923077,78,3.578466816074872
3727,3.705426356589147,129,3.697158847586969
3728,3.912280701754386,114,3.886331288827328
3729,3.4157894736842107,190,3.4245253990729436
3730,4.292957746478873,355,4.273712547437229
3731,3.4324324324324325,37,3.4660655279699726
3732,2.912280701754386,57,3.013508653949085
3733,3.810344827586207,232,3.8012606603908625
3734,3.4901960784313726,51,3.5066406526981755
3735,3.982968369829684,411,3.973646270343441
3736,3.7857142857142856,28,3.734344205647071
3737,3.977272727272727,44,3.905649626196087
3738,3.4516129032258065,62,3.470903886313732
3739,3.9310344827586206,29,3.843719995245864
3740,3.430084745762712,472,3.433413028660972
3741,4.089473684210526,190,4.064525399072943
3742,4.0310880829015545,193,4.009384629628515
3743,2.5555555555555554,45,2.743728723901613
3744,3.3613138686131387,274,3.3693840838541855
3745,3.4297520661157024,363,3.4340618761785215
3746,3.7674418604651163,43,3.734058109709221
3747,3.6555555555555554,90,3.649050798145887
3749,3.0,14,3.246044992274529
3751,3.948441247002398,834,3.9442003315338727
3752,3.055263157894737,380,3.068987384139971
3753,3.7906178489702516,874,3.7883541626861863
3754,2.585526315789474,152,2.6475622210777083
3755,3.4081942336874054,659,3.4109194018155287
3757,2.823529411764706,17,3.1075955486884705
3758,2.7884615384615383,104,2.8588164896016552
3759,3.3703703703703702,27,3.429867022015911
3760,3.470817120622568,257,3.4752999243992084
3761,2.85,20,3.0968359938196235
3762,1.3333333333333333,3,3.069621524199131
3763,3.571900826446281,605,3.572203381812339
3764,2.6262135922330097,206,2.670856850993466
3765,2.8857142857142857,35,3.04233510699086
3766,2.5962732919254656,161,2.654415671430343
3767,2.125,88,2.2745416307611093
3768,2.1774193548387095,62,2.3736816640915097
3769,3.4012345679012346,162,3.41223883613133
3770,3.508833922261484,283,3.5116214328142954
3771,3.4076923076923076,130,3.420750570104205
3772,1.6666666666666667,3,3.146544601122208
3773,2.7379310344827585,145,2.7929359988037983
3774,1.9444444444444444,54,2.2016418721029485
3775,3.2,15,3.356203192583548
3776,3.5,20,3.5301693271529566
3777,2.2222222222222223,9,2.942372621820458
3778,3.2,5,3.4603386543059136
3779,3.0,1,3.536825437689882
3780,3.1578947368421053,38,3.248022496137265
3781,2.5925925925925926,27,2.862299454448343
3782,2.7948717948717947,39,2.957246526828341
3783,4.076923076923077,143,4.045131240618227
3784,3.1375,80,3.1878342201620966
3785,3.1153846153846154,390,3.1272626995364714
3786,3.392156862745098,102,3.4098667840588277
3787,3.78125,32,3.7358352336806835
3788,3.7864077669902914,206,3.777338332474948
3789,4.204379562043796,137,4.162619590575433
3790,3.269230769230769,26,3.3584744392941306
3791,3.0782608695652174,345,3.0926903656748976
3792,3.6615384615384614,65,3.652067730861183
3793,3.8849391955098223,1069,3.882210453952353
3794,3.204081632653061,49,3.2695776239760796
3795,3.372093023255814,43,3.4133033927280887
3796,3.0,4,3.4217914153277644
3797,2.25,12,2.859321809754032
3798,3.3737704918032785,305,3.38065104703044
3799,1.6567164179104477,67,1.907858179410243
3800,2.3333333333333335,3,3.3003907549683618
3801,4.238372093023256,172,4.202775163816422
3802,2.3864541832669324,251,2.4325865126995736
3803,3.5555555555555554,9,3.5739515691888792
3804,2.6,35,2.820112884768638
3805,2.8125,32,2.9977399955854453
3806,3.2745098039215685,51,3.3263127838457165
3807,3.2528735632183907,87,3.2876812352019456
3808,4.1,40,3.998101596291774
3809,3.4051593323216998,659,3.407929865193705
3810,3.1971830985915495,71,3.2457417261060333
3811,4.102990033222591,301,4.086511510657841
3812,3.6052631578947367,228,3.604643192498272
3813,3.3768115942028984,69,3.4038617698049203
3814,4.0285714285714285,175,4.004892323322101
3816,3.8275862068965516,29,3.7667969183227874
3817,3.090909090909091,11,3.3288133245042237
3818,2.4285714285714284,7,3.112063518505218
3819,4.041450777202073,193,4.019236846377284
3820,1.894736842105263,19,2.479485510847886
3821,2.7841726618705036,139,2.8382891262724073
3822,3.760869565217391,46,3.730447853831941
3823,3.58974358974359,39,3.589899588052831
3824,2.316666666666667,60,2.4986439973512673
3825,2.8448275862068964,116,2.9040085699570533
3826,2.6977777777777776,225,2.735766297083356
3827,3.433224755700326,307,3.4381863716548535
3828,2.5,2,3.4087566512157252
3830,2.25,4,3.20750570104205
3831,3.7738095238095237,84,3.754309359729667
3832,3.263157894736842,19,3.376037234985817
3833,2.627450980392157,51,2.7853291772883395
3834,2.8227848101265822,158,2.86848261794398
3835,2.76056338028169,142,2.815164998780189
3836,3.887788778877888,303,3.878290989822967
3837,2.823529411764706,68,2.9218599976229322
3838,2.5483870967741935,31,2.8025629223070414
3839,2.5,38,2.7271891628039313
3840,2.5520833333333335,96,2.6500479227791387
3841,2.7244094488188977,254,2.7572162114188967
3842,3.0,1,3.536825437689882
3843,2.608695652173913,23,2.9062145398360215
3844,3.622754491017964,334,3.621817092484269
3845,3.36,25,3.425859423273963
3846,3.15702479338843,121,3.1901151130884635
3847,3.0416666666666665,24,3.203090582782021
3848,3.0588235294117645,17,3.2557436968366185
3849,4.176470588235294,34,4.0432972685133794
3850,2.909090909090909,11,3.233575229266129
3851,4.157894736842105,19,3.9622441315375414
3852,3.8585858585858586,99,3.8339915579320065
3853,3.142857142857143,7,3.4061811655640413
3854,3.7142857142857144,7,3.6414752832111
3855,3.736842105263158,19,3.686382062572024
3857,2.4838709677419355,31,2.7537824345021633
3858,3.4285714285714284,28,3.471186310910229
3859,3.909090909090909,44,3.8500940706405316
3860,2.75,4,3.3503628438991933
3861,3.292452830188679,106,3.318147239780937
3863,3.2875647668393784,386,3.295214848016638
3864,2.8636363636363638,88,2.937806936883558
3865,3.2444444444444445,90,3.279050798145887
3866,4.0,4,3.70750570104205
3867,3.75,4,3.636077129613479
3868,3.6494252873563218,522,3.6483178192003547
3869,3.0495356037151704,323,3.06578102046423
3870,3.8333333333333335,36,3.780545213360624
3871,3.819742489270386,233,3.8103089704304063
3872,3.9146341463414633,82,3.8794030414629206
3873,3.6875,224,3.683355041942687
3874,2.769230769230769,13,3.126307818025596
3875,3.25,4,3.493219986756336
3876,2.0,3,3.2234676780452847
3877,2.0364963503649633,137,2.1422114273101274
3878,3.2,10,3.3952539907294352
3879,2.7468354430379747,79,2.8416301102762778
3880,3.4,15,3.476203192583548
3881,5.0,1,3.718643619508064
3882,3.254385964912281,114,3.281492579149909
3883,2.7142857142857144,7,3.2297105773287473
3884,2.52,25,2.825859423273963
3885,3.0588235294117645,17,3.2557436968366185
3886,3.0,17,3.2187066597995817
3887,3.5,2,3.5754233178823918
3889,2.4761904761904763,84,2.5947348916445607
3890,3.0,1,3.536825437689882
3891,1.75,4,3.0646485581849072
3892,1.0,1,3.3550072558717003
3893,3.579937304075235,319,3.5802586012601476
3894,2.8333333333333335,12,3.17750362793585
3895,2.3863636363636362,44,2.6093533298997906
3896,3.404255319148936,94,3.42216422898643
3897,4.318181818181818,550,4.305187642526051
3898,2.869565217391304,23,3.088032721654203
3899,1.0,1,3.3550072558717003
3900,2.4444444444444446,9,3.0476357797151947
3901,2.450980392156863,51,2.637788193681782
3902,3.0,11,3.2811942768851763
3903,3.5384615384615383,26,3.5529188837385752
3904,1.0,1,3.3550072558717003
3906,3.0,3,3.4542369088145155
3908,2.125,56,2.347046663857405
3909,2.65,40,2.838101596291774
3910,3.8828828828828827,111,3.858719667889163
3911,4.169934640522876,306,4.151598353843635
3912,1.8666666666666667,15,2.5562031925835482
3913,2.526315789473684,19,2.893278614296162
3914,3.1714285714285713,35,3.2645573292130825
3915,3.4225352112676055,71,3.443272590303564
3916,3.902222222222222,225,3.8889577864450584
3917,3.107843137254902,204,3.13039756922705
3918,2.752,125,2.814111702330287
3919,2.1639344262295084,61,2.364860279078714
3920,3.7346938775510203,49,3.7102555900777747
3921,2.5294117647058822,34,2.770569995786107
3922,2.3870967741935485,31,2.6806117027948466
3923,2.6666666666666665,84,2.7649476576020073
3924,2.65,20,2.96350266048629
3925,3.9263157894736844,95,3.894334093472273
3926,3.3333333333333335,150,3.3494067488411794
3927,3.586080586080586,273,3.5862370311469567
3928,3.496932515337423,163,3.5023415018184316
3929,4.052173913043478,115,4.015240638516709
3930,3.196629213483146,178,3.217580211779727
3931,2.15,20,2.6301693271529567
3932,3.752808988764045,178,3.744175956460578
3933,2.125,8,2.9391711008104835
3934,2.92,25,3.1115737089882485
3935,2.857142857142857,14,3.162711658941196
3936,3.768421052631579,95,3.7514769506151304
3937,2.872549019607843,102,2.936652498344542
3938,1.7647058823529411,17,2.440928882021804
3939,2.0,17,2.589077030169952
3940,1.6153846153846154,13,2.4741339049821174
3941,2.230769230769231,13,2.8219599919386393
3942,1.9,20,2.46350266048629
3943,2.658536585365854,41,2.8412760747958568
3944,2.0,5,3.0603386543059137
3945,1.3076923076923077,26,1.941807772627464
3946,2.34,50,2.5484179969098117
3947,3.323529411764706,34,3.3842063594224707
3948,3.720620842572062,451,3.7177984377756803
3949,4.328947368421052,76,4.243082323425449
3950,3.1333333333333333,15,3.316203192583548
3951,3.9047619047619047,21,3.803389671438345
3952,3.75,196,3.742257669002858
